10.0.104.241,Routerghamgosar
10.0.104.242,ASA-WAN SSO
10.0.104.243,Fortigate-LANTamin
10.0.104.244,PAT
10.0.104.245,GSB-PGSB-Dis-F5
10.0.104.246,SSO-Rayteb
10.0.192.209,NIOGateway
10.0.192.210,NIO-Dis-F5
10.0.192.211,SOA-and-CommonWS-Dis-F5
10.0.192.212,Shahkar-SSO-Akbarnezahd
10.0.192.213,darman_ServiceCentosport6336
10.0.192.214,USEDforNat(PAT)
10.0.192.215,Akbarnezahd-Directed-IP
10.0.192.216,
10.0.192.217,"PAT-Eblagh-Node1,Eblagh-Node2,Eblagh-Node3"
10.0.192.218,VPN-Server-Rezai-SSO
10.10.10.12,LB-2-0
10.10.10.13,LB-2-1
10.10.10.14,LB-Samt-TCT-0
10.10.10.15,LB-Samt-TCT-1
10.10.10.16,LB-4-0
10.10.10.17,LB-4-1
10.10.10.18,LB-Samt-Rightel-0
10.10.10.19,LB-Samt-Rightel-1
10.10.10.20,LB-Samt-WAN-0
10.10.10.21,LB-Samt-WAN-1
10.10.10.22,LB-Samt-Rightel(2)-0
10.10.10.23,LB-Samt-Rightel(2)-1
10.10.10.24,LB-Medical-Support(2)-0
10.10.10.25,LB-Medical-Support(2)-1
10.10.10.26,LB-Medical-Support(3)-0
10.10.10.27,LB-Medical-Support(3)-1
10.10.10.28,LB-Medical-Support(1)-0
10.10.10.29,LB-Medical-Support(1)-1
10.10.10.30,LB-VZK-0
10.10.10.31,LB-VZK-1
10.10.10.32,LB-Samt-Melli(1)-0
10.10.10.33,LB-Samt-Melli(1)-1
10.10.10.34,LB-Samt-Melli(2)-0
10.10.10.35,LB-Samt-Melli(2)-1
10.10.10.36,LB-EP-Melli(1)-0
10.10.10.37,LB-EP-Melli(1)-1
10.10.10.38,LB-EP-Melli(2)-0
10.10.10.39,LB-EP-Melli(2)-1
10.10.10.40,LB-Test-0
10.10.10.41,LB-Test-1
10.10.10.42,LB-Eservice-Melli-0
10.10.10.43,LB-Eservice-Melli-1
10.10.10.44,LB-3-0
10.10.10.45,LB-3-1
10.10.10.46,LB-GSB-PGSB-0
10.10.10.47,LB-GSB-PGSB-1
10.10.10.48,LB-Accounting-0
10.10.10.49,LB-Accounting-1
10.10.10.50,LB_1-0
10.10.10.51,LB_1-1
10.10.10.54,LB-Account-Service-0
10.10.10.55,LB-Account-Service-1
10.10.10.56,LB-Me-Service-0
10.10.10.57,LB-Me-Service-1
10.10.10.58,LB-Profile-Service-0
10.10.10.59,LB-Profile-Service-1
10.10.10.60,LB-Darman-0
10.10.10.61,LB-Darman-1
10.10.10.62,LB-HLT-Turn-0
10.10.10.63,LB-HLT-Turn-1
10.16.1.1,Router
10.16.1.3,Fortigate
10.16.1.4,ASA WAN L
10.16.1.5,ASA WAN R
10.16.1.6,میکروتیک
10.16.1.7,strdb1-node1-vip
10.16.1.8,strdb1-node2-vip
10.16.1.10,Wan-Monitoring
10.16.1.11,WanVC
10.16.1.12,DB4RH
10.16.1.13,Padvish-Root
10.16.1.14,ExpressWay-E
10.16.1.15,SBC(FirewallDeviceForVoipRaziee)1420
10.16.1.16,Upload
10.16.1.17,دستگاهحضورغیااب(رضاییسازمان)
10.16.1.18,bimeh-web
10.16.1.19,DarmanWeb
10.16.1.20,VCWan-HLT
10.16.1.21,UPS-WAN-Monitoring
10.16.1.22,AsnadApp-N1
10.16.1.23,taavoni
10.16.1.24,AsnadApp-N2
10.16.1.25,ADC(DB)
10.16.1.26,KSC-S
10.16.1.28,کتابخانهسازمان
10.16.1.29,پورتالدفتربازرسیمدیرعامل
10.16.1.30,InsCatDB-Node3
10.16.1.31,inscatdb-node1
10.16.1.32,
10.16.1.33,tiba-monitoring
10.16.1.34,wan-dns
10.16.1.35,ProcessDisk-Dis-F5
10.16.1.36,Eservice-Test-Environment
10.16.1.37,RhwebSrv4
10.16.1.38,acs-server
10.16.1.39,E_Payment
10.16.1.40,One-To-OneTaminFortigate
10.16.1.41,bimewebtest
10.16.1.42,budget
10.16.1.43,One-To-OneFortigateTamin
10.16.1.44,EzamBimar-Dis-F5
10.16.1.45,smart4-sh2
10.16.1.46,رزرورستورانستاد
10.16.1.47,ُTCR-Test
10.16.1.48,Db6rh
10.16.1.49,report-d-KSC
10.16.1.50,
10.16.1.51,WebServer-01
10.16.1.52,SATA-EP-APP
10.16.1.53,Fannid
10.16.1.54,Pensioner_TestPoursafar
10.16.1.55,StrDB3-Node1-VIP
10.16.1.56,smart4-sh2
10.16.1.57,StrDB3-Node2-VIP
10.16.1.58,WebServer4(ELWebService)
10.16.1.59,اتوماسیوناداری(اصفهان)
10.16.1.60,SDWAN-Vmanage
10.16.1.61,SDWAN-vBond
10.16.1.62,Wanmonitor
10.16.1.63,web.tamin.ir(رضاییسازمان)
10.16.1.64,SDWAN-vSmart
10.16.1.65,lan-branch-monitor(notNATinFortigate)
10.16.1.66,smart4-sh
10.16.1.67,WANDNS2
10.16.1.68,Drivers
10.16.1.69,SSWAN(رضاییسازمان)
10.16.1.70,strdb2-node1-VIP
10.16.1.71,strdb2-node2-VIP
10.16.1.72,Strdb2-Node3-VIP
10.16.1.73,Mikrotik
10.16.1.74,سیستم پایلوت اینترنتی
10.16.1.75,CitrixApplicationServer
10.16.1.76,OracleBIمعاونتاقتصادی
10.16.1.77,StrDB3-Node3-VIP
10.16.1.78,Account-Service-Test
10.16.1.79,Salamat-Service-SATA
10.16.1.80,پرتالداخلیسازمان
10.16.1.81,SsoExchange
10.16.1.82,Replicafetch-SSO
10.16.1.83,Oem-Ins-APP
10.16.1.84,IPMPSazman
10.16.1.85,برنامهریزیسازمان
10.16.1.86,webserver1
10.16.1.87,TCR-Dis-F5
10.16.1.88,Portal-Dis-F5
10.16.1.89,portals
10.16.1.90,CentralACS
10.16.1.91,Freeze
10.16.1.92,portal-rahbari.ss.org
10.16.1.93,
10.16.1.94,Nezarat-test.test.org
10.16.1.95,router floor 7 (majles)
10.16.1.96,CMMS.Tamin.Org
10.16.1.97,InsuranceJobless
10.16.1.98,coding-Base
10.16.1.99,Celist-Dis-F5
10.16.1.100,asa
10.16.1.101,hltdb-node1-vip
10.16.1.102,hltdb-node2-vip
10.16.1.104,strdb1-node3
10.16.1.105,HLT-Turn&Drug-Dis-F5
10.16.1.106,ES-Darman
10.16.1.107,smart4-sh
10.16.1.108,ELK-Data4
10.16.1.109,darman-service-jboss
10.16.1.110,Sata-Setab
10.16.1.111,Monitoring-Controller
10.16.1.112,VOIP1
10.16.1.113,asa
10.16.1.114,Profile-Service-Dis-NSX
10.16.1.115,Replicafetch2
10.16.1.116,MasterDB-Node1-VIP
10.16.1.117,MasterDB-Node2-VIP
10.16.1.118,MasterDB-Node3-VIP
10.16.1.119,RDG
10.16.1.120,RHWEBSRV3
10.16.1.121,IMA(imasset.tamin.ir)
10.16.1.122,centralized-budget-Dis-F5
10.16.1.123,SABA-Sync
10.16.1.124,SDWAN-1
10.16.1.125,SDAWN-2
10.16.1.126,
10.16.1.127,AsnadApp-N3
10.16.1.128,Darman-Service-Win-F5
10.16.1.129,ثبتاحوال-انفرادی
10.16.1.130,mikrotik sazman-herasat
10.16.1.131,ثبتاحوال-دستهای
10.16.1.132,Sata-Setab(NEW)
10.16.1.133,Microtik Sazman Baraye Herasat
10.16.1.134,Microtik Sazman Baraye Herasat
10.16.1.135,ipmonitor-wan
10.16.1.136,Me-Service-Dis-F5
10.16.1.137,معاونتحقوقی(قوانینومقررات)
10.16.1.138,AsanadApp-N4
10.16.1.139,AsnadAPP-N8
10.16.1.140,Fortigate-SSO
10.16.1.141,سرویسFTPجهتمعاونتفرهنگیسازمان
10.16.1.142,????
10.16.1.143,DC-SDWAN
10.16.1.144,mc-test
10.16.1.145,lan-branch-monitor(salimzade)
10.16.1.146,Samt-Dis-F5
10.16.1.147,TibaCenter-node1
10.16.1.148,TibaCenter-node2
10.16.1.149,TibaCenter-node3
10.16.1.150,TibaCenter-node4
10.16.1.151,SBC(FirewallDeviceForVoipRaziee)
10.16.1.152,TibaCenter-node6
10.16.1.153,darmanservice(JBOSS)
10.16.1.154,TibaCenter-node7
10.16.1.155,Electorder-Dis-F5
10.16.1.156,CloudInsApp
10.16.1.157,TibaCenter-node5
10.16.1.158,ELK-Data4
10.16.1.159,Incoming
10.16.1.160,(بودجهوتشکیلات)BoodjeSSO
10.16.1.161,رضاییسازمان
10.16.1.162,172.18.200.44
10.16.1.163,سازمانPMO
10.16.1.164,internetpayment(ssopay.tamin.ir)
10.16.1.165,PRTG-SQL-WAN
10.16.1.166,AsanadApp-N5
10.16.1.167,VideoConference
10.16.1.168,VideoConference
10.16.1.169,Gaam
10.16.1.170,AsanadApp-N6
10.16.1.171,Mozmen-system
10.16.1.172,assetview
10.16.1.173,Account-Service-Dis-F5
10.16.1.174,سرورمعاونتاقتصادی
10.16.1.175,vcwan-darmna2
10.16.1.176,Wan-Monitoring3
10.16.1.177,
10.16.1.178,asnadapp-n1
10.16.1.179,dabirtest.tamin.ir
10.16.1.180,مورداستفادهسازمانجهتدبیرخانهنظامپیشنهاداتاستانها
10.16.1.181,strdb0-node1-VIP
10.16.1.182,strdb0-node2-VIP
10.16.1.183,strdb0-node3-VIP
10.16.1.184,claim-operation
10.16.1.185,اپلیکیشنادارههیأتهایتشخیصمطالباتسازمان
10.16.1.186,webserver2
10.16.1.187,
10.16.1.188,sata-service
10.16.1.189,سرورپایلوتادارهکلبودجهوتشکیلات.جهتسرویسبودجهریزیبرمبنایعملکرد(ادارهکلبودجهوتشکیلات)
10.16.1.190,
10.16.1.191,
10.16.1.192,construction-workers(Insjobles-kar)
10.16.1.193,AsnadApp-N7
10.16.1.194,sharepointserverسمتسازمان
10.16.1.195,Najafi + Bagheri jahate test
10.16.1.196,Test-Appi-Marjanhoseini
10.16.1.197,Ex-iranian
10.16.1.199,
10.16.1.200,معاونتاقتصادی
10.16.1.201,معاونتاقتصادی
10.16.1.202,CRM-Mon
10.16.1.203,DanaAPP(رضاییسازمان)
10.16.1.204,WSUSWAN
10.16.1.205,NCM
10.16.1.206,wanvc6-darman
10.16.1.207,Server-Webex-SSO(Raziee)
10.16.1.208,SataSetab
10.16.1.209,SOA-Dis-NSX
10.16.1.210,codingbase.tamin.org
10.16.1.211,ASA
10.16.1.212,WAN-Rightel
10.16.1.213,wandc1.tamin.tnet
10.16.1.214,Darman-Refah
10.16.1.215,wandc2.taminnet.ir
10.16.1.216,
10.16.1.217,سرورفیشحقوقیسازمان
10.16.1.218,
10.16.1.219,kasper-T
10.16.1.220,cbudgetdb
10.16.1.221,me-report
10.16.1.222,Darman-Dis-F5
10.16.1.223,ssocrm-portal1.ss.org
10.16.1.224,EPService-Dis-NSX
10.16.1.225,Fortigate-SSO
10.16.1.226,approval(softpm-hardpm)
10.16.1.227,wan-monitoring2
10.16.1.228,SupSysApp-N1.TaminWan.Tnet
10.16.1.229,SupSysApp-N2.TaminWan.Tnet
10.16.1.230,Splunk-RouterLog
10.16.1.231,CentralPay
10.16.1.232,‌‌Bi12APP1
10.16.1.233,citrix-sazman
10.16.1.234,CUCM
10.16.1.235,CUP
10.16.1.236,CUC
10.16.1.237,doc-classify.tamin.org
10.16.1.238,SAM-WAN
10.16.1.239,Inspection-Dis-F5
10.16.1.240,UseforASANAT
10.16.1.241,kasper-r2
10.16.1.242,insmis.tamin.ir(Fani_daramad-DB-NSX
10.16.1.243,TEST
10.16.1.244,ftp.ss.org
10.16.1.245,ssocrm.ss.org
10.16.1.246,hispilot
10.16.1.247,Darman-Service-Weblogic-Dis-F5
10.16.1.248,کمیسیونپزشکیسبا
10.16.1.249,Saml-Dis-F5
10.16.1.250,ForRightel(id=4)
10.16.1.251,"ForLan,Support,noc,SsoLan(id=5)"
10.16.1.252,SakhtAfzar-PAT-iLOAccess
10.16.1.253,ForServers(id=9)
10.16.1.254,
10.19.171.1,TCT-GateWay
10.19.171.2,SetOnFortigate
10.19.171.3,Set On ASA-WAN
10.19.171.4,ForMikrotik(VPN)
10.19.171.5,ForAsaNetRight
10.19.171.6,SD-WAN
10.19.171.7,Vsmart-SDWAN
10.19.171.8,SD-WAN
10.19.171.9,SBC(FirewallDeviceForVoipRaziee)
10.19.171.10,PAT
10.19.171.11,SBC(FirewallDeviceForVoipRaziee)
10.19.171.12,SD-WAN
10.19.171.13,SD-WAN
10.19.171.14,VZK-FortiGate-Zone
10.19.171.15,PortalDarman-Test-Dis(NSX)
10.19.171.17,TFH-Dis-F5
10.19.171.18,EPService-Dis-NSX
10.19.171.19,EPService-Node1
10.19.171.21,EPService-Node2
10.19.171.22,Eservice-Dis-F5
10.19.171.24,Account-Service-Test-Dis-F5
10.19.171.25,EP-Dis-F5
10.19.171.28,CRM-APP-N1
10.19.171.30,Samt-Dis-F5
10.19.171.31,CentralPay-Dis-F5
10.19.171.32,CRM-APP-N2
10.19.171.35,CRM-Portal-N1
10.19.171.36,CRM-Portal-N2
10.19.171.37,CRM-CallSys
10.19.171.38,CRM-FaxSys
10.19.171.39,CRM-SmSys
10.19.171.40,Eservices-Test-Dis(Eivazi)
10.19.171.41,SATA-EP-APP
10.19.171.42,Darman-Service-N1
10.19.171.44,HLTDoc-APP-Test
10.19.171.45,Inspection-Dis-F5
10.19.171.46,Darman-Service-N2
10.19.171.47,Darman-Service-Weblogic-Dis-F5
10.19.171.48,Darman-Service-N3
10.19.171.49,Darman_service(jboss)
10.19.171.50,CRM-Dis-F5
10.19.171.52,Inspection2-Dis-F5
10.19.171.53,Darman-N5
10.19.171.54,Darman-N6
10.19.171.55,Darman-N7
10.19.171.56,Darman-N8
10.19.171.58,adobe-connect
10.19.171.66,GamApp-N1
10.19.171.76,CRMDev-Dis-F5
10.19.171.77,Mattermost-Tamin(ESX97)
10.19.171.79,Monitoring-Geo
10.19.171.84,Consultant
10.19.171.88,Salamat-Service-SATA
10.19.171.90,TaminSOA-Node1
10.19.171.91,TaminSOA-Node2
10.19.171.92,172.18.200.20
10.19.171.93,Darman-N1
10.19.171.94,Darman-N2
10.19.171.95,Darman-N3
10.19.171.96,Darman-N4
10.19.171.97,Eservice-Test-Eivazi-Dis-F5
10.19.171.99,Celist-Dis-F5
10.19.171.100,VZK-PRS1-Dis-F5
10.19.171.101,VZK-VOS-Dis-F5
10.19.171.104,VZK-VOSAPP-Dis-F5
10.19.171.106,VZK-Dashboard-Dis-F5
10.19.171.107,VZK-Omana-HTTP-Dis-F5
10.19.171.108,VZK-Web-Sigma
10.19.171.109,VZK-Omana-HTTP-2121-Dis-F5
10.19.171.110,VZK-Omana-HTTP-2122-Dis-F5
10.19.171.111,VZK-Majma
10.19.171.112,VZK-Farabar-Dis-F5
10.19.171.114,GamApp-N1
10.19.171.115,Medical-Support-Dis-F5
10.19.171.116,Ins-Relation-Dis-F5
10.19.171.117,Order-Payment-Dis-F5
10.19.171.119,Piwik-Dis-F5
10.19.171.120,Account-Service-Dis-F5
10.19.171.123,VZK-Sanar
10.19.171.124,VZK-TekAPP
10.19.171.129,EzamBimar-Dis-F5
10.19.171.130,Darman-Dis-F5
10.19.171.131,DarmanWS-Dis-F5
10.19.171.132,Lab-Dis-F5
10.19.171.135,EPService-Dis-F5
10.19.171.137,eservices-Dis-F5
10.19.171.138,Health-WS
10.19.171.140,PortalKhabar-T
10.19.171.141,172.18.6.141
10.19.171.142,172.18.6.142
10.19.171.145,PortalKhabar-Dis-F5
10.19.171.146,jira-srv-Dis(F5)
10.19.171.148,Nobat-APP-Dis-F5
10.19.171.150,Adobe-Connect-Sazman
10.19.171.153,
10.19.171.161,EP-Dis-F5
10.19.171.162,ST-EP-Dis-F5(نودتستی)
10.19.171.163,CElist-Dis-F5
10.19.171.164,Elist-Dis-F5
10.19.171.165,Darman-Service-Dis-F5
10.19.171.166,LoanTamin-Dis-NSX
10.19.171.174,Acrarium-Dis-F5
10.19.171.176,Sima-Dis-F5
10.19.171.199,HLTDoc-APP-Dis-F5
10.19.171.200,MC-Dis-F5
10.19.171.201,MC2-Dis-F5
10.19.171.217,Nobat-KhorasanRazavi-Dis-F5
10.19.171.220,Account-Service-Dis-F5
10.19.171.226,Bi-Darman
10.19.171.237,SSODC-FS
10.19.171.254,RouterIpsec-TunnelBahrak
10.30.44.1,Tamin Router
10.30.44.3,juniper
10.30.44.4,ASAWANL
10.30.44.5,ASA WAN R
10.30.44.6,Fortigate-SSO
10.30.44.10,Router-auth
10.30.44.12,DB4RH
10.30.44.15,اتوماسیون سازمان سمت دیتا سنتر
10.30.44.17,
10.30.44.18,Bimeh-Web
10.30.44.19,Darman Web
10.30.44.23,strdb1-node2
10.30.44.24,
10.30.44.25,سازمان
10.30.44.27,HRIS
10.30.44.28,سازمان
10.30.44.31,سازمان
10.30.44.32,سازمان
10.30.44.33,سازمان
10.30.44.34,wan-dns
10.30.44.36,Kasper13
10.30.44.37,ssodispather2
10.30.44.39,E_Payment
10.30.44.40,Taminpp3
10.30.44.43,
10.30.44.44,EzamBimar-web
10.30.44.46,سازمان
10.30.44.47,
10.30.44.48,DB6RH
10.30.44.49,
10.30.44.50,strdb1-node2-VIP
10.30.44.51,WebServer4
10.30.44.52,WebServer4
10.30.44.53,Fannid
10.30.44.54,LabRefer
10.30.44.56,smart4-sh2
10.30.44.58,WebServer4
10.30.44.59,?
10.30.44.62,Wanmonitor
10.30.44.63,سازمان
10.30.44.68,Drivers
10.30.44.73,سازمان
10.30.44.74,سازمان
10.30.44.75,SVN
10.30.44.78,سازمان
10.30.44.79,CloudApp
10.30.44.80,DB_Pilot
10.30.44.81,سازمان
10.30.44.84,سازمان
10.30.44.85,?
10.30.44.86,WebServer1
10.30.44.91,Freeze
10.30.44.92,
10.30.44.93,سازمان
10.30.44.97,Insurance Jobless
10.30.44.98,Coding-Base
10.30.44.99,Backup-Data
10.30.44.100,wanvcenter-darman
10.30.44.106,ES-Darman
10.30.44.114,
10.30.44.115,ReplicatFetch2
10.30.44.120,RHWEBSRV3
10.30.44.121,IMA
10.30.44.122,dbprocdisk
10.30.44.126,Insurance
10.30.44.127,Server Does not exsit
10.30.44.146,
10.30.44.153,
10.30.44.159,
10.30.44.169,
10.30.44.171,
10.30.44.174,
10.30.44.177,VCENTER-Wan (not Nat on firewall)
10.30.44.196,
10.30.44.217,
10.30.44.230,
10.30.44.241,UseForPATJUNIPER
10.30.44.242,UseForPATJUNIPER
10.30.44.243,UseForPATJUNIPER
10.30.44.244,UseForPATJUNIPER
10.30.44.245,UseForPATJUNIPER
10.30.44.246,UseForPATJUNIPER
10.100.41.1,GWontamin-router
10.100.41.2,InterfaceonFortigate
10.100.41.3,crmpanel
10.100.41.4,telci
10.100.41.5,NatiponFortigate
10.100.41.6,portal
10.100.41.7,1420-APP1&BI
10.200.100.2,LB-1-0
10.200.100.3,LB-1-1
10.200.120.2,DLR
10.200.120.5,LB-1-0
10.200.120.6,LB-1-1
10.201.200.1,VC67
10.201.200.2,VC67-Passive
10.201.200.3,VC67-Witness
10.201.200.9,WanVC
10.201.200.10,WanVC-Passive
10.201.200.11,WanVC-Witness
10.201.200.25,CRM-APP-N1
10.201.200.26,CRM-APP-N2
10.201.200.27,CRM-DB-N1
10.201.200.28,CRM-DB-N2
10.201.200.29,CRM-Portal-N1
10.201.200.30,CRM-Portal-N2
80.191.78.1,TCT-GW
80.191.78.2,SSO-ASA-Internet-L
80.191.78.3,SSO-ASA-Internet-R
80.191.78.4,testfordesigndatacenter
80.191.78.6,Mikrotik-Tamin
80.191.78.7,FortiGate-VZKZone
80.191.78.11,Rhwebsrv3
80.191.78.12,HamrahAvalFirewall
80.191.78.13,Hardenning-OS-Linux
80.191.78.14,commintment.tamin.org
80.191.78.15,Mr-Saadinam-PC
80.191.78.18,testmikrotik
80.191.78.19,Eservice-N4
80.191.78.20,IPMonitor
80.191.78.21,Plesk.tamin.org
80.191.78.22,Plesk.tamin.org
80.191.78.23,Eservice-N1
80.191.78.24,Eservice-N2
80.191.78.25,Eservice-N3
80.191.78.26,.Plesk
80.191.78.29,sam
80.191.78.35,TFH-Node1
80.191.78.36,TFH-Node2
80.191.78.39,E_Payment-Dis-NSX
80.191.78.40,Security-NTA
80.191.78.48,CRM-Reporting(NEW)
80.191.78.49,DarmanWeb
80.191.78.50,Pouri
80.191.78.51,Webserver4
80.191.78.52,Webserver4
80.191.78.53,rightel-mikrotik
80.191.78.54,Webserver4
80.191.78.56,Webserver1
80.191.78.57,WebServer2019-1
80.191.78.58,Webserver4
80.191.78.59,Adobe-Connect
80.191.78.60,formr.famili
80.191.78.62,EX-Eservices-Dis-F5
80.191.78.67,mailserver-node2.ssodc.ir
80.191.78.68,mailserver-proxy.ssodc.ir
80.191.78.69,imapsync-srv.ssodc.ir
80.191.78.71,smart4-R
80.191.78.73,justseesms1000.ir
80.191.78.74,justseesms1000.ir
80.191.78.75,Smart4-Sh3
80.191.78.76,AssetView-Clone
80.191.78.81,kasper-root
80.191.78.82,Eservice-Test-Environment
80.191.78.83,kasper-r2
80.191.78.85,smart4-sh6
80.191.78.91,samt-node3
80.191.78.92,Padvish-Root-Tamin
80.191.78.93,UseForPATinFortigateSamnode3&Bank&192.168.101.102
80.191.78.95,WSUSWAN
80.191.78.96,WSUS
80.191.78.98,TaminSOA-Node3
80.191.78.99,TaminSOA-Node1
80.191.78.100,TaminSOA-Node2
80.191.78.101,Rhwebsrv3
80.191.78.102,
80.191.78.103,CRM-Educate-Test1(موقت)
80.191.78.104,CRM-Educate-Test2(موقت)
80.191.78.111,GamApp-N1
80.191.78.113,callcenter-voip
80.191.78.120,Profile-Service-Dis-F5
80.191.78.125,PRTG
80.191.78.126,Es-darman
80.191.78.127,samt-node4
80.191.78.128,KaliLinux
80.191.78.132,WANDNS2
80.191.78.133,samt-node2
80.191.78.134,WANDNS
80.191.78.135,samt-node5
80.191.78.142,smart4-sh2
80.191.78.143,insjobls-kar
80.191.78.145,????
80.191.78.146,Samt-Dis-F5
80.191.78.154,order-payment
80.191.78.160,archiva
80.191.78.164,Kali-Linux(MRS Rajabian)
80.191.78.170,Eservice-Test(Eivazi)
80.191.78.198,VZK-Observation
80.191.78.206,Kali_Last(FakhariTest)
80.191.78.218,Oim-Node1.tamin.org
80.191.78.221,To-SRV-Tsti-Shahanjarini
80.191.78.222,To-SRV-Tsti-Shahanjarini
80.191.78.227,Account-Service-N1
80.191.78.228,Account-Service-N2
80.191.78.229,Jira
80.191.78.233,ssocrm-smsys
80.191.78.248,CommonWS-Node1
80.191.78.249,CommonWS-Node2
80.191.78.250,CommonWS-Node3
80.191.79.18,Darman-Node5
80.191.79.20,Plesk
80.191.79.21,Plesk
80.191.79.22,Plesk
80.191.79.23,MC-Node1
80.191.79.24,MC-Node2
80.191.79.25,MC-Node3
80.191.79.26,MC-Node4
80.191.79.35,ProcessDisk-Dis-F5
80.191.79.38,MailServer-Node1
80.191.79.39,MailServer-Node2
80.191.79.40,mail-proxy
80.191.79.41,MailServer-Log
80.191.79.43,BI-Darman
80.191.79.44,kasper-sso2
80.191.79.45,Portalkhabar-Dis-F5
80.191.79.46,Test-Darman-Node2
80.191.79.47,InspectionCRM-APP
80.191.79.48,Kasper-Sso
80.191.79.49,InspectionCRM-SMS
80.191.79.50,EzamBimar-Node1
80.191.79.51,MailServer-N2(NEWVersion)
80.191.79.52,MailServer-N1(NEWVersion)
80.191.79.53,MailServer-Proxy(NEWVersion)
80.191.79.56,Audit-N1
80.191.79.57,Audit-N2
80.191.79.66,4gon-statSRV1
80.191.79.68,4gon-services2
80.191.79.69,4Gon-Services1
80.191.79.76,CRM_Test2
80.191.79.80,4Gon-APP-Test
80.191.79.100,workshop-n1.ssodc.ir
80.191.79.101,workshop-n2.ssodc.ir
80.191.79.102,Kasper-s
80.191.79.113,Account-Service-N1
80.191.79.114,Account-Service-N2
80.191.79.121,Account-Service-Dis-F5
80.191.79.122,Profile-Service-Dis-F5
80.191.79.124,DarmanRefah
80.191.79.128,Darman-Test(Basiri)(172.18.4.28)
80.191.79.140,EPService-Node1
80.191.79.141,EPService-Node2
80.191.79.142,Darman-No1(NEW)
80.191.79.143,Darman-No2(NEW)
80.191.79.144,Darman-No3(NEW)
80.191.79.145,Darman-No4(NEW)
80.191.79.146,jira-srv
80.191.79.150,PortalKhabar-MSS-Dis-F5
80.191.79.153,Test-DevOPS
80.191.79.156,Darman-No5(NEW)
80.191.79.157,Darman-No6(NEW)
80.191.79.158,Darman-No7(NEW)
80.191.79.159,Darman-No8(NEW)
80.191.79.162,Darman-Service-N1
80.191.79.163,Darman-Service-N2
80.191.79.164,Darman-Service-N3
80.191.79.165,BMC-Node1
80.191.79.166,BMC-Node2
80.191.79.167,BMC-Node3
80.191.79.180,Eservice-Node1Eservice-Node2Eservice-Node3Eservice-Node4
80.191.79.181,ReserveForEservice
80.191.79.240,natpool
80.191.79.243,ForPAT4GONINASA
172.16.0.6,STRDB3-Tesh-Hosseini
172.16.0.7,CRM-Reporting
172.16.0.8,Me-Report
172.16.0.9,CRMDB-Cluster
172.16.0.10,CRMDB-LIStener
172.16.0.11,CRMApp-N1
172.16.0.12,CRMApp-N2
172.16.0.13,CRMDB-N1
172.16.0.14,CRMDB-N2
172.16.0.15,Eservice-N4
172.16.0.16,CRM-Notif
172.16.0.17,CRM-Monitoring
172.16.0.18,crmapp3-test
172.16.0.19,EPService-Node1
172.16.0.20,EPService-Node2
172.16.0.21,UPS-WAN-Monitoring
172.16.0.22,OPManager-APM
172.16.0.23,Eservice-N1
172.16.0.24,Eservice-N2
172.16.0.25,Eservice-N3
172.16.0.26,EP-No1
172.16.0.27,DG2-Test
172.16.0.28,DG2-Test
172.16.0.29,Array Dispatcher
172.16.0.30,Tape-Backup
172.16.0.33,CRMDev-TellC
172.16.0.34,EP-No2
172.16.0.35,skype-test
172.16.0.36,ha-proxy
172.16.0.37,Next-Rajabian
172.16.0.38,VeeamOne-Wan
172.16.0.39,VeeamOne
172.16.0.40,ca server - test ???
172.16.0.42,smart4-sh2
172.16.0.43,Ex-Eservices
172.16.0.44,citrix test
172.16.0.45,SQLDataBase2019
172.16.0.46,Splunk
172.16.0.47,Budget
172.16.0.48,TFH-Admin-N1
172.16.0.49,TFH-Admin-N2
172.16.0.50,BI12APP1
172.16.0.51,veeam-Backup
172.16.0.52,piwik_New
172.16.0.53,samt-node-test1
172.16.0.54,samt-node-test2
172.16.0.55,Syslog-Server
172.16.0.56,Ip-Monitor
172.16.0.57,IPMon-Stream
172.16.0.58,ssl-test
172.16.0.59,DC1
172.16.0.60,Hardening-OS
172.16.0.61,EP-No3
172.16.0.62,Portal-Test
172.16.0.63,TCR-Test
172.16.0.64,veeam FLR
172.16.0.65,acs_Server
172.16.0.66,portal-dispatch
172.16.0.67,Portal-node1
172.16.0.68,Portal-node2
172.16.0.70,Dis for SSL
172.16.0.71,webserver-02
172.16.0.72,AssetView
172.16.0.73,weblogictbase-template
172.16.0.74,Tape Backup
172.16.0.75,smart4-sh3
172.16.0.76,TCR-Node2
172.16.0.77,smart4-sh
172.16.0.78,Docker-APP-N1
172.16.0.79,Docker-APP-N2
172.16.0.80,Docker-APP-N3
172.16.0.81,ip mon
172.16.0.82,ins-relation
172.16.0.83,storage-app
172.16.0.84,Claim-Operation
172.16.0.85,Claim-dis
172.16.0.86,TCR-Node1
172.16.0.87,CRMAPP-n3
172.16.0.88,Sata-Service
172.16.0.89,sms-service
172.16.0.90,taminsoa-n1
172.16.0.91,taminsoa-n2
172.16.0.92,taminsoa-n3
172.16.0.93,RADIUS server
172.16.0.94,TCR-N2
172.16.0.98,CRMDB
172.16.0.99,SQL2016-Test
172.16.0.100,win-tamindc
172.16.0.101,WanDC1.Taminwan.Tnet
172.16.0.102,WanDC2.Taminwan.Tnet
172.16.0.103,Shob-APP1.Taminwan.Tnet
172.16.0.105,EP-No4
172.16.0.106,inspection-N2
172.16.0.107,Parrot-Test
172.16.0.108,inspection-N1
172.16.0.109,Testi-DB
172.16.0.110,Testi-DG
172.16.0.111,sqlsrv1
172.16.0.112,sqlsrv2
172.16.0.114,TaminDC-FS
172.16.0.115,CUCM
172.16.0.116,CUP
172.16.0.117,CUC
172.16.0.118,tiba-frontend2
172.16.0.119,RDG
172.16.0.120,Commitment
172.16.0.121,security-NTA-log
172.16.0.122,Centralized-Budget
172.16.0.123,sqlclusterIP
172.16.0.124,Nfs-srv
172.16.0.125,Prtg
172.16.0.126,Network-PRTG
172.16.0.127,webdarman-node2
172.16.0.128,webdarman-node3
172.16.0.129,commintment.tamin.org
172.16.0.130,unity-vsa(test)
172.16.0.131,ISMS-TEMP
172.16.0.132,e-payment
172.16.0.133,celist-n1
172.16.0.134,celist-n2
172.16.0.135,TFH-Node1
172.16.0.136,TFH-Node2
172.16.0.137,Pensioner-N1(For Test PourSafar)
172.16.0.138,ocl-app
172.16.0.140,TaminSite
172.16.0.142,hlt-turn
172.16.0.143,Saba-Sync
172.16.0.144,test
172.16.0.145,Cmms
172.16.0.147,PRTG-SQL-WAN
172.16.0.148,LAN-Branch_Monitor
172.16.0.149,OpUtils
172.16.0.150,GraylogServer
172.16.0.151,ucm-node1
172.16.0.152,ucm-node2
172.16.0.153,Registration-WL
172.16.0.154,Order-Payment
172.16.0.155,Electorder
172.16.0.156,Tibacenter-node1
172.16.0.157,Tibacenter-node2
172.16.0.158,Tibacenter-node3
172.16.0.159,Tibacenter-node4
172.16.0.160,Tibacenter-node5
172.16.0.161,tiba-frontend1
172.16.0.162,tiba-frontend2
172.16.0.163,tiba-log
172.16.0.166,Mikrotik-NTP
172.16.0.167,TAPP2(Reserved)
172.16.0.168,TAPP3(Reserved)
172.16.0.169,TAPP4(Reserved)
172.16.0.170,TAPP5(Reserved)
172.16.0.171,TAPP6(Reserved)
172.16.0.172,ManageEngine-NetFllowDataCenter
172.16.0.173,Profile-Service-N1
172.16.0.174,Profile-Service-N2
172.16.0.175,ipmonitor-wan
172.16.0.176,HLT-Trun-N1
172.16.0.177,Smart4-Sh4
172.16.0.178,Smart4-Sh5
172.16.0.179,HLT-Trun-N2
172.16.0.181,srvmon
172.16.0.186,HLT-Drug-N1
172.16.0.187,HLT-Drug-N2
172.16.0.188,Salamat-Service-SATA
172.16.0.190,Eservice-Test-Eivazi
172.16.0.191,TAMIN-CRM
172.16.0.193,EP-Node4
172.16.0.194,EP-Node1
172.16.0.195,EP-Node2
172.16.0.196,EX-Iranian
172.16.0.198,Kasper-SSODC
172.16.0.199,EP-Node3
172.16.0.201,coding
172.16.0.202,DocClass-1
172.16.0.203,DocClass-2
172.16.0.205,DocClass-3
172.16.0.206,DocClass-4
172.16.0.208,sqldb2014
172.16.0.209,DocClass-5
172.16.0.210,DocClass-6
172.16.0.215,DocClass-7
172.16.0.216,Medical-Support-N1
172.16.0.217,Medical-Support-N2
172.16.0.218,CommonWS-Node1
172.16.0.219,CommonWS-Node2
172.16.0.220,CommonWS-Node3
172.16.0.221,Me-Service-N1
172.16.0.222,Me-Service-N2
172.16.0.223,VCWan-PSC
172.16.0.224,DocClass8
172.16.0.226,Access-N1
172.16.0.227,Account-service-n1
172.16.0.228,Account-service-n2
172.16.0.229,jira
172.16.0.231,CentralPay
172.16.0.232,ManageEngine-OPManager
172.16.0.234,EP-Node5
172.16.0.235,EP-Node6
172.16.0.236,doc-classify
172.16.0.237,sam-server
172.16.0.238,sam-wan
172.16.0.239,DocClass-9
172.16.0.240,DocClass-10
172.16.0.243,CRM-APP-N1
172.16.0.244,CRM-APP-N2
172.16.0.245,CRM-DB-N1
172.16.0.246,CRM-DB-N2
172.16.0.247,CRM-Portal-N1
172.16.0.248,CRM-Portal-N2
172.16.0.249,CRM-CallSys
172.16.0.250,CRM-FaxSys
172.16.0.251,CRM-SmSys
172.16.0.252,CRM-QC
172.16.1.5,SBC(FirewallDeviceForVoipRaziee)
172.16.1.6,Mikrotik
172.16.1.7,smart4(antivirus)
172.16.1.8,Darman-Service
172.16.1.9,Taminpp2
172.16.1.10,Wan-Monitoring
172.16.1.11,IPMonitor
172.16.1.12,DB4RH
172.16.1.15,Forensic
172.16.1.16,DB1Rh
172.16.1.17,poori Used
172.16.1.18,Bimeh-web
172.16.1.19,DarmanWeb
172.16.1.21,Smart4-R1
172.16.1.22,centoswesrv2????????????
172.16.1.23,SysLog
172.16.1.24,SMART3
172.16.1.25,MITEL Switch
172.16.1.26,MITEL Switch
172.16.1.27,Smart4-R2
172.16.1.28,CCS6140
172.16.1.30,CCS6110
172.16.1.31,CCS6160
172.16.1.33,WANDNS2
172.16.1.34,Wan-Dns1
172.16.1.37,RhWebSrv4
172.16.1.39,e_payment
172.16.1.40,Security-NTA
172.16.1.41,PwKara
172.16.1.42,ODWDB
172.16.1.45,Kasper-TNet
172.16.1.47,LogAPP
172.16.1.48,LogFW
172.16.1.49,CRM-DB-Listener
172.16.1.50,SSO-LDAP
172.16.1.52,Webserver-01
172.16.1.54,Samt-Node1-array
172.16.1.55,TaminDC-N2
172.16.1.56,Smart1
172.16.1.57,Smart4-R3
172.16.1.58,Webserver4
172.16.1.59,AdobeConnect
172.16.1.60,TaminDC-N1
172.16.1.61,webserver-04
172.16.1.63,SATA-EP-APP
172.16.1.64,SATA-EP-DB
172.16.1.65,Kaspersky-TaminDC
172.16.1.66,TaminPortal
172.16.1.67,Padvish-Root
172.16.1.68,Driver
172.16.1.69,Kaspersky-Root
172.16.1.70,UCM-Node1
172.16.1.71,smart4-R
172.16.1.72,UCMDB-Test
172.16.1.73,CRM-APP-Test
172.16.1.74,CRM-DB-Test
172.16.1.75,incoming
172.16.1.77,Splunk-WanACSLog
172.16.1.78,vcwan-darman2
172.16.1.79,kasper-S2
172.16.1.81,kasper-Root
172.16.1.82,Kasper-S
172.16.1.83,SPS2016
172.16.1.84,kasper-Root -Two
172.16.1.85,TaminCo
172.16.1.86,webserver-01
172.16.1.88,Darman-Service-N2
172.16.1.91,Freeze
172.16.1.92,Zabbix-Monitoring
172.16.1.93,Samt-Node3
172.16.1.94,wsus
172.16.1.95,report-App
172.16.1.96,WSUS
172.16.1.97,Ins-Jobless
172.16.1.98,Coding
172.16.1.99,CRM-Mon
172.16.1.100,IBSNg
172.16.1.101,CAServer-Root
172.16.1.102,CAServer-Issuing
172.16.1.103,CAServer-Web
172.16.1.106,ES-Darman
172.16.1.107,DbaApp
172.16.1.108,Satasetab-New
172.16.1.110,Sata-Setab
172.16.1.111,crm-app.taminwan.tnet-internal-cluster
172.16.1.112,voip1
172.16.1.113,Voip-CallCenter
172.16.1.115,License-App
172.16.1.116,EP-N2
172.16.1.117,crm-DB.taminwan.tnet-internal-cluster
172.16.1.118,DBA-APP-NEW
172.16.1.119,Voip-FXO (For Fax)
172.16.1.120,RhWebSrv3
172.16.1.121,imasset
172.16.1.124,crm-portal.taminwan.tnet-internal-cluster
172.16.1.125,Network-NPM
172.16.1.126,insurance
172.16.1.127,samt-node4
172.16.1.132,DC-SDWAN
172.16.1.133,samt-node2
172.16.1.135,samt-node5
172.16.1.137,Monitoring-Geo
172.16.1.139,TibaCenter_Node7
172.16.1.140,Monitoring-Synthetic-Server
172.16.1.142,Mozmen-System-N3
172.16.1.145,Message-Transfer
172.16.1.146,Mozmen-System-N1
172.16.1.147,Mozmen-System-N2
172.16.1.149,DAMAN_SERVICE
172.16.1.151,Doc-classify3
172.16.1.154,Backupexec2015
172.16.1.156,Cloud Ins App
172.16.1.157,Cloud Ins Db
172.16.1.159,TibaCenter-Node6
172.16.1.161,Doc-classify2
172.16.1.163,Monitoring-EventService-n3
172.16.1.167,router authentication (by bahrak)
172.16.1.169,Tiba-Progress
172.16.1.170,malidb(Phisycal)
172.16.1.171,referral-system(DB)
172.16.1.172,Doc-classify4
172.16.1.174,fani-daramad
172.16.1.176,Secondary ldap
172.16.1.177,AsnadApp-N1
172.16.1.178,Monitoring-EUM-Server
172.16.1.179,Monitoring-EventService-n1
172.16.1.180,Monitoring-Controller
172.16.1.181,Monitoring-DBCollector
172.16.1.182,Monitoring-PlaformAdmin
172.16.1.185,Reserve For FinalCRMserver By KHAMSE
172.16.1.186,IPAM-IPManagement
172.16.1.187,Sonarqube
172.16.1.189,Tiba-Monitoring
172.16.1.190,Monitoring-EventsService-n2
172.16.1.192,ossim(Test)
172.16.1.193,Darman-N1
172.16.1.194,Darman-N2
172.16.1.195,Darman-N3
172.16.1.196,Darman-N4
172.16.1.197,Monitoring-APPDynamics
172.16.1.198,samt-node1
172.16.1.199,samt-node2
172.16.1.200,WanVC
172.16.1.201,sqldatabase2
172.16.1.205,ERecord-FileBackup
172.16.1.206,wan-ncm
172.16.1.207,Darman-N5
172.16.1.208,Darman-N6
172.16.1.210,sqldatabase2
172.16.1.214,Smart4-sh6
172.16.1.216,Postgresql-n1
172.16.1.217,Darman-N7
172.16.1.218,OIM-Node1
172.16.1.219,Darman-N8
172.16.1.220,TaminDC1
172.16.1.221,os-security-test
172.16.1.223,epm2010
172.16.1.224,RADIUS-SERVER
172.16.1.226,Wan-Monitoring2
172.16.1.227,BWS-N1
172.16.1.229,Darman-StateServer
172.16.1.230,TaminDC2
172.16.1.231,VshobAPP
172.16.1.233,refahsso
172.16.1.234,InternetDNS
172.16.1.237,vShobTiba
172.16.1.239,ManageEngine-NetFllowAnalyzer
172.16.1.240,EMC????????????????????
172.16.1.241,EMC????????????????????
172.16.1.242,darman-service-n1(Weblogic)
172.16.1.246,darman-service-n2(Weblogic)
172.16.1.248,NFS-Srv3
172.16.1.250,darman-service-n3(Weblogic)
172.16.1.253,Nfs-Srv2
172.16.1.254,GatewayFortigate
172.16.2.1,HltDB-Node1
172.16.2.2,HltDB-Node2
172.16.2.3,HltDB-Node3
172.16.2.4,HltDB-Node1-VIP
172.16.2.5,HltDB-Node2-VIP
172.16.2.6,HltDB-Node3-VIP
172.16.2.7,Cluster1-SCAN
172.16.2.8,Cluster1-SCAN
172.16.2.9,Cluster1-SCAN
172.16.2.10,**************************
172.16.2.11,TaminDB-Node1
172.16.2.12,TaminDB-Node2
172.16.2.13,TaminDB-Node1-VIP
172.16.2.14,TaminDB-Node2-VIP
172.16.2.15,Cluster2-SCAN
172.16.2.16,Cluster2-SCAN
172.16.2.17,**************************
172.16.2.18,**************************
172.16.2.19,**************************
172.16.2.20,**************************
172.16.2.21,InsCatDB-Node1
172.16.2.22,InsCatDB-Node2
172.16.2.23,InsCatDB-Node3
172.16.2.24,InsCatDB-Node1-VIP
172.16.2.25,InsCatDB-Node2-VIP
172.16.2.26,InsCatDB-Node3-VIP
172.16.2.27,Cluster3-SCAN
172.16.2.28,Cluster3-SCAN
172.16.2.29,Cluster3-SCAN
172.16.2.30,**************************
172.16.2.31,StrDB0-Node1
172.16.2.32,StrDB0-Node2
172.16.2.33,StrDB0-Node3
172.16.2.34,StrDB0-Node1-VIP
172.16.2.35,StrDB0-Node2-VIP
172.16.2.36,StrDB0-Node3-VIP
172.16.2.37,Cluster4-SCAN
172.16.2.38,Cluster4-SCAN
172.16.2.39,Cluster4-SCAN
172.16.2.40,**************************
172.16.2.41,StrDB1-Node1
172.16.2.42,StrDB1-Node2
172.16.2.43,StrDB1-Node3
172.16.2.44,StrDB1-Node1-VIP
172.16.2.45,StrDB1-Node2-VIP
172.16.2.46,StrDB1-Node3-VIP
172.16.2.47,Cluster5-SCAN
172.16.2.48,Cluster5-SCAN
172.16.2.49,Cluster5-SCAN
172.16.2.50,**************************
172.16.2.51,StrDB2-Node1
172.16.2.52,StrDB2-Node2
172.16.2.53,StrDB2-Node3
172.16.2.54,StrDB2-Node1-VIP
172.16.2.55,StrDB2-Node2-VIP
172.16.2.56,StrDB2-Node3-VIP
172.16.2.57,Cluster6-SCAN
172.16.2.58,Cluster6-SCAN
172.16.2.59,Cluster6-SCAN
172.16.2.60,**************************
172.16.2.61,StrDB3-Node1
172.16.2.62,StrDB3-Node2
172.16.2.63,StrDB3-Node3
172.16.2.64,StrDB3-Node1-VIP
172.16.2.65,StrDB3-Node2-VIP
172.16.2.66,StrDB3-Node3-VIP
172.16.2.67,Cluster7-SCAN
172.16.2.68,Cluster7-SCAN
172.16.2.69,Cluster7-SCAN
172.16.2.70,**************************
172.16.2.71,InsFaniDB-Node1
172.16.2.72,InsFaniDB-Node2
172.16.2.73,InsFaniDB-Node3
172.16.2.74,InsFaniDB-Node1-VIP
172.16.2.75,InsFaniDB-Node2-VIP
172.16.2.76,InsFaniDB-Node3-VIP
172.16.2.77,Cluster8-SCAN
172.16.2.78,Cluster8-SCAN
172.16.2.79,Cluster8-SCAN
172.16.2.80,**************************
172.16.2.81,UCM2DG-Node1
172.16.2.82,UCM2DG-Node2
172.16.2.83,UCM2DG-Node3
172.16.2.84,UCM2DG-Node1-VIP
172.16.2.85,UCM2DG-Node2-VIP
172.16.2.86,UCM2DG-Node3-VIP
172.16.2.87,GUCM2-SCAN
172.16.2.88,GUCM2-SCAN
172.16.2.89,GUCM2-SCAN
172.16.2.90,**************************
172.16.2.91,MasterDB-Node1
172.16.2.92,MasterDB-Node2
172.16.2.93,MasterDB-Node3
172.16.2.94,MasterDB-Node1-VIP
172.16.2.95,MasterDB-Node2-VIP
172.16.2.96,MasterDB-Node3-VIP
172.16.2.97,Cluster10-SCAN
172.16.2.98,Cluster10-SCAN
172.16.2.99,Cluster10-SCAN
172.16.2.100,**************************
172.16.2.101,Medical-SupDB-N1
172.16.2.102,ocl-db
172.16.2.110,**************************
172.16.2.111,PortalDB-Node1
172.16.2.112,PortalDB-Node2
172.16.2.113,PortalDB-Node3
172.16.2.114,PortalDB-Node1-VIP
172.16.2.115,PortalDB-Node2-VIP
172.16.2.116,PortalDB-Node3-VIP
172.16.2.117,PortalDB-SCAN
172.16.2.118,PortalDB-SCAN
172.16.2.119,PortalDB-SCAN
172.16.2.120,*******************************************************
172.16.2.210,BIDB-Amar
172.16.2.211,HCoreDB
172.16.2.227,ODISTG
172.16.2.229,DB6RH
172.16.2.230,CBudgetDB
172.16.2.231,VshobDB
172.16.2.232,Template-DataBase-Linux85
172.16.2.233,odwdb.tamin.org
172.16.2.234,TCR-DB
172.16.2.235,OIM-DB
172.16.2.236,hrisdb
172.16.2.237,income-paydb
172.16.2.238,InsLsupDB
172.16.2.240,HltableDB
172.16.2.241,Fani-DaramadDB
172.16.2.245,DBTest-N1-Priv
172.16.2.246,DBTest-N2-Priv
172.16.2.247,DBTest-SCAN
172.16.2.248,DBTest-SCAN
172.16.2.250,Database-Test-N1-Priv
172.16.2.251,Database-Test-N1-SCAN
172.16.2.252,Mali-DB
172.16.3.21,InsCatDG-Node1
172.16.3.22,InsCatDG-Node2
172.16.3.23,InsCatDG-Node1-VIP
172.16.3.24,InsCatDG-Node2-VIP
172.16.3.25,Cluster3DG-SCAN
172.16.3.26,Cluster3DG-SCAN
172.16.3.91,MasterDG
172.16.3.181,HCoreDG
172.16.3.190,BI12-Ins
172.16.3.201,CentralDevDB
172.16.3.202,DB2RH
172.16.3.203,DB3RH
172.16.3.204,DB5RH
172.16.3.205,OWBDB
172.16.3.206,coredevdb
172.16.3.207,HLTDevDB
172.16.3.213,DB3RH
172.16.3.220,HLTDB-BackUP
172.16.3.238,InsLsupDG
172.16.3.240,HltableDG
172.16.3.246,oemc-DB
172.16.3.247,oemc-APP
172.16.3.250,Oem-Ins-App
172.16.3.251,Oem-Ins-DB
172.16.3.252,oemapp
172.16.3.253,oemdb
172.16.4.1,HSRP GW
172.16.4.2,HSRP Node1
172.16.4.3,HSRP Node2
172.16.4.10,GAM-LoadBalancer(PFsense)
172.16.4.11,EzamBimar-Node1
172.16.4.12,EzamBimar-Node2
172.16.4.13,EzamBimar-Dis
172.16.4.14,Darman-Node1
172.16.4.15,Darman-Node2
172.16.4.16,Darman-Node3
172.16.4.17,Darman-Node4
172.16.4.18,Darman-Node5
172.16.4.19,Darman-Dispatch
172.16.4.20,HISRep-Node3
172.16.4.21,HISRep-Lis3
172.16.4.22,Reserved
172.16.4.23,MC-Node1
172.16.4.24,MC-Node2
172.16.4.25,MC-Node3
172.16.4.26,Lab-Node1
172.16.4.27,Lab-Node2
172.16.4.28,Lab-Dispatch
172.16.4.29,NFS-Srv2
172.16.4.30,Darman-Service-Dis-NSX
172.16.4.31,RDS-Licence2022
172.16.4.32,Booklet-Dispatch
172.16.4.33,SMS-Service
172.16.4.35,Process-Disk
172.16.4.36,Darman-Refah
172.16.4.37,SSODC-FS
172.16.4.38,Mailserver-node1
172.16.4.39,Mailserver-node2
172.16.4.40,Mailserver-proxy
172.16.4.41,MailServer-Log
172.16.4.42,BIServer11g
172.16.4.43,GAMAPP-Node1
172.16.4.44,BIServer-APP
172.16.4.45,GAMAPP-Node2
172.16.4.46,GAM-MON
172.16.4.48,NFS-Srv
172.16.4.49,GAM-Convert
172.16.4.50,GAM-Convert1
172.16.4.51,GAM-WS
172.16.4.52,individual-dis-NSX
172.16.4.53,Individual-N1
172.16.4.54,Individual-N2
172.16.4.56,Audit-N1
172.16.4.57,Audit-N2
172.16.4.58,Audit-Dis
172.16.4.59,Reserved
172.16.4.60,OpUtils
172.16.4.61,Gamoa1(Physical)
172.16.4.62,Gamoa2(Physical)
172.16.4.63,Gamoa3(Physical)
172.16.4.64,4gon-arr1
172.16.4.65,4gon-arr2
172.16.4.66,4gon-stateSRV1
172.16.4.67,4gon-stateSRV2
172.16.4.68,4gon-Timekeeper1
172.16.4.69,4gon-services1
172.16.4.70,4gon-app1
172.16.4.71,4gon-app2
172.16.4.72,4gon-app3
172.16.4.73,4gon-app4
172.16.4.74,4gon-app5
172.16.4.75,4gon-app6
172.16.4.76,4gon-app7
172.16.4.77,4gon-app8
172.16.4.78,"4gon-windows-cluster(sql-db n1,n2)"
172.16.4.79,4gon-cluster instance(connect arr to sql)
172.16.4.80,4gon-app-test
172.16.4.81,4gon-db-test
172.16.4.82,4gon-DTC
172.16.4.85,4gon-db-LDB(NEW)
172.16.4.86,4gon-Win-Cluster(NEW)
172.16.4.87,Reserved
172.16.4.88,Rahyab-SMS-App
172.16.4.89,Rahyab-SMS-DB
172.16.4.91,4gonDB-Node1(NEWPhisical)
172.16.4.92,4gonDB-Node2(NEWVirtual)
172.16.4.94,sms-GW
172.16.4.95,STP-N1
172.16.4.96,STP-N2
172.16.4.97,STP-Dis
172.16.4.100,Workshop-N1
172.16.4.101,Workshop-N2
172.16.4.102,Workshop-Dis
172.16.4.105,HISRep-Node1
172.16.4.106,HISRep-Node2
172.16.4.107,WinclusterHisrep
172.16.4.108,hisrep-Lis
172.16.4.109,tclasify(bl2-8)
172.16.4.110,tclassify (hyperv)
172.16.4.111,
172.16.4.112,t-classify3(physical)
172.16.4.114,NFS-Etelaate
172.16.4.115,sdwdb
172.16.4.117,CUCM(voip)
172.16.4.118,CUP(voip)
172.16.4.119,CUC(voip)
172.16.4.120,ucm1-dis(Web Tier)
172.16.4.121,ucm1-node1
172.16.4.122,ucm1-node2
172.16.4.123,ucm1-node3
172.16.4.124,MC-Dispatch-Commsaba
172.16.4.125,GAM-Convert2
172.16.4.126,Amoozesh-App
172.16.4.127,amoozesh-DB
172.16.4.130,DarmanWS-Dis
172.16.4.134,EService-Dis NSX
172.16.4.135,EService-N1
172.16.4.136,EService-N2
172.16.4.137,EService-N3
172.16.4.138,EService-N4
172.16.4.140,EService-N3
172.16.4.141,Claim-Dis-NSX
172.16.4.142,Claim-N1
172.16.4.143,Claim-N2
172.16.4.144,Baje-Dis-NSX
172.16.4.145,Baje-N1
172.16.4.146,Baje-N2
172.16.4.147,ContractCalc-Dis-NSX
172.16.4.148,ContractCalc-N1
172.16.4.149,ContractCalc-N2
172.16.4.150,Eblagh-Dis NSX
172.16.4.151,Eblagh-N1
172.16.4.152,Eblagh-N2
172.16.4.153,workshopcalc-dis-NSX
172.16.4.154,workshopcalc--N1
172.16.4.155,workshopcalc--N2
172.16.4.156,HISRep-LIS2
172.16.4.157,Committee-Dis-NSX
172.16.4.158,Committee-N1
172.16.4.159,Committee-N2
172.16.4.160,Reserved
172.16.4.161,Reserved
172.16.4.162,Income-NSX
172.16.4.163,Income-N1
172.16.4.164,Income-N2
172.16.4.165,BIDarman
172.16.4.168,webserver1.ssodc.ir
172.16.4.169,Pensioner-N3
172.16.4.170,Pensioner-Dis NSX
172.16.4.171,Pensioner-N1
172.16.4.172,Pensioner-N2
172.16.4.173,Execute-NSX
172.16.4.174,Execute-N1
172.16.4.175,Execute-N2
172.16.4.176,SpecialIns-NSX
172.16.4.177,SpecialIns-Node1
172.16.4.178,SpecialIns-Node2
172.16.4.180,BI-Darman
172.16.4.182,Law-Srv
172.16.4.183,LAW-SRV-Dis-NSX
172.16.4.184,individual-test-nsx
172.16.4.185,CentralizedReg-Dis(Virtual)
172.16.4.186,CentralizedReg-N1(Virtual)
172.16.4.187,CentralizedReg-N2(Virtual)
172.16.4.188,CentralizedReg-N3(Virtual)
172.16.4.189,4Gon-App-Test
172.16.4.190,4Gon-DB-Test
172.16.4.191,Order-Dis(NSX)
172.16.4.192,Order
172.16.4.194,Assetmng-Dis(NSX)
172.16.4.195,Assetmng
172.16.4.196,Amlak-APP
172.16.4.197,Amlak-DB
172.16.4.198,Amlak-Gis
172.16.4.200,Medical-Booklet-DIS(NSX)
172.16.4.201,Medical-Booklet-N1
172.16.4.202,Medical-Booklet-N2
172.16.4.203,Medical-Booklet-N3
172.16.4.206,PortalKhabar-Dis(NSX)
172.16.4.207,Pkhabar-Admin-Dis-NSX(Reserve)
172.16.4.208,PortalKhabar-Others-Dis-NSX(Reserve)
172.16.4.209,PortalKhabar-Others-Admin-Dis-NSX(Reserve)
172.16.4.210,Docker-APP-N1
172.16.4.211,Docker-APP-N2
172.16.4.212,Docker-APP-N3
172.16.4.220,UCM1-Dis-(NSX)
172.16.4.224,SSM
172.16.4.225,UCM2-Dis-(NSX)
172.16.4.226,UCM2Node1
172.16.4.227,UCM2Node2
172.16.4.228,UCM2Node3
172.16.4.235,VeeamBackup-VC65
172.16.4.240,used vali maloom nist kiye
172.16.4.248,SOCSplunkLicenseServer
172.16.4.250,SOCSplunkForwarder
172.16.5.10,TahatorApi
172.16.5.11,Tahator-Api
172.16.5.20,Prometheus-DevOPS
172.16.5.21,InfluxDB-DevOPS
172.16.5.30,Tape-backup
172.16.5.33,Tape_Backup
172.16.5.39,Portalkhabar
172.16.5.40,Pkhabar-admin
172.16.5.41,Portalkhabar-sql
172.16.5.42,portalkhabar-others
172.16.5.43,kasper-sso-two
172.16.5.44,ManageEngine-ADAudit
172.16.5.45,PortalKhabar
172.16.5.50,1420-APP1
172.16.5.51,1420-APP1
172.16.5.52,1420-DB1
172.16.5.53,1420-Develop
172.16.5.55,ParsPAM-Beh
172.16.5.60,Nessus
172.16.5.61,Pars-AntiDeface
172.16.5.65,Kaspersky-SSODC
172.16.5.85,KSC
172.16.5.91,GAM-LoadBalancer-WAN
172.16.5.105,WSO2-API-Manager
172.16.5.108,hisrep-Lis2 (For SATA App)
172.16.5.110,SATA-SETAB
172.16.5.111,ivr_pbx_2_telc
172.16.5.112,ivr_db2_telc
172.16.5.149,ParsPAM-RDS
172.16.5.150,ParsPAM-MGMT
172.16.5.151,ELK-Data19
172.16.5.152,Sec-Log-Pivot
172.16.5.153,ELK-DATA20
172.16.5.154,ELK-DATA21
172.16.5.167,VC67
172.16.5.205,HIS-Rep
172.16.5.206,Darman-N1(ForTestDB)
172.16.5.207,Darman-N2(ForTestDB)
172.16.5.208,Darman-N3(ForTestDB)
172.16.5.209,Darman-N4(ForTestDB)
172.16.5.210,Darman-N5(ForTestDB)
172.16.5.211,Darman-N6(ForTestDB)
172.16.5.212,Darman-N7(ForTestDB)
172.16.5.213,Darman-N8(ForTestDB)
172.16.5.214,MC-Node1(ForTestDB)
172.16.5.215,MC-Node2(ForTestDB)
172.16.5.219,Veam-Backup(NEW)
172.16.5.220,Dcnm
172.16.5.224,BackupExec
172.16.5.228,SolarWinds
172.16.5.232,SQLDatabase2014
172.16.5.233,Herasat-Doorbin
172.16.5.234,VOIP
172.16.5.235,DC-WSUS
172.16.5.236,prime3
172.16.5.238,HER
172.16.5.239,DCWSUS
172.16.5.240,S-SqlSrv1
172.16.5.241,DC1
172.16.5.242,DC1
172.16.5.244,DC-Temp
172.16.5.245,SLA-PRTG
172.16.5.247,Reserved
172.16.5.249,ParsPAM-MGMT-RDS
172.16.5.250,ParsPAM
172.16.5.251,Darman-StateServer
172.16.5.252,MC-StateServer
172.16.6.1,HltDB-Node1
172.16.6.2,HltDB-Node2
172.16.6.3,HltDB-Node3
172.16.6.4,HltDB-Node1-VIP
172.16.6.5,HltDB-Node2-VIP
172.16.6.6,HltDB-Node3-VIP
172.16.6.7,DCCluster1-SCAN
172.16.6.8,DCCluster1-SCAN
172.16.6.9,DCCluster1-SCAN
172.16.6.10,****************
172.16.6.11,HltDiskDB-Node1
172.16.6.12,HltDiskDB-Node2
172.16.6.13,HltDiskDB-Node3
172.16.6.14,HltDiskDB-Node1-VIP
172.16.6.15,HltDiskDB-Node2-VIP
172.16.6.16,HltDiskDB-Node3-VIP
172.16.6.17,DCCluster2-SCAN
172.16.6.18,DCCluster2-SCAN
172.16.6.19,DCCluster2-SCAN
172.16.6.20,****************
172.16.6.21,HltMisDB-Node1
172.16.6.22,HltMisDB-Node2
172.16.6.23,HltMisDB-Node3
172.16.6.24,HltMisDB-Node1-VIP
172.16.6.25,HltMisDB-Node2-VIP
172.16.6.26,HltMisDB-Node3-VIP
172.16.6.27,DCCluster3-SCAN
172.16.6.28,DCCluster3-SCAN
172.16.6.29,DCCluster3-SCAN
172.16.6.30,****************
172.16.6.31,StrDB1-Node1
172.16.6.32,StrDB1-Node2
172.16.6.33,StrDB1-Node3
172.16.6.34,StrDB1-Node1-VIP
172.16.6.35,StrDB1-Node2-VIP
172.16.6.36,StrDB1-Node3-VIP
172.16.6.37,DCCluster4-SCAN
172.16.6.38,DCCluster4-SCAN
172.16.6.39,DCCluster4-SCAN
172.16.6.40,****************
172.16.6.41,StrDB2-Node1
172.16.6.42,StrDB2-Node2
172.16.6.43,StrDB2-Node3
172.16.6.44,StrDB2-Node1-VIP
172.16.6.45,StrDB2-Node2-VIP
172.16.6.46,StrDB2-Node3-VIP
172.16.6.47,DCCluster5-SCAN
172.16.6.48,DCCluster5-SCAN
172.16.6.49,DCCluster5-SCAN
172.16.6.50,****************
172.16.6.51,StrDB3-Node1
172.16.6.52,StrDB3-Node2
172.16.6.53,StrDB3-Node3
172.16.6.54,StrDB3-Node1-VIP
172.16.6.55,StrDB3-Node2-VIP
172.16.6.56,StrDB3-Node3-VIP
172.16.6.57,DCCluster6-SCAN
172.16.6.58,DCCluster6-SCAN
172.16.6.59,DCCluster6-SCAN
172.16.6.60,****************
172.16.6.61,StrDB4-Node1
172.16.6.62,StrDB4-Node2
172.16.6.63,StrDB4-Node3
172.16.6.64,StrDB4-Node1-VIP
172.16.6.65,StrDB4-Node2-VIP
172.16.6.66,StrDB4-Node3-VIP
172.16.6.67,DCCluster7-SCAN
172.16.6.68,DCCluster7-SCAN
172.16.6.69,DCCluster7-SCAN
172.16.6.70,****************
172.16.6.80,****************
172.16.6.90,odwhlt.ssodc.ir
172.16.6.100,*******************************************************
172.16.6.101,Icoredb-N1(NEW)(19C)
172.16.6.102,Icoredb-N2(NEW)(19C)
172.16.6.103,Icoredb-N3(NEW)(19C)
172.16.6.104,Icoredb-N4(NEW)(19C)
172.16.6.105,Icoredb-N1-VIP(NEW)(19C)
172.16.6.106,Icoredb-N2-VIP(NEW)(19C)
172.16.6.107,Icoredb-N3-VIP(NEW)(19C)
172.16.6.108,Icoredb-N4-VIP(NEW)(19C)
172.16.6.109,DCIcore-SCAN
172.16.6.110,DCIcore-SCAN
172.16.6.111,DCIcore-SCAN
172.16.6.112,DCIcore-SCAN
172.16.6.113,****************
172.16.6.114,HLTDoc-DBClusterIP
172.16.6.115,HLTDoc-DBLISIP
172.16.6.170,****************
172.16.6.171,ucm2db-node1
172.16.6.172,ucm2db-node2
172.16.6.173,ucm2db-node3(Reserve)
172.16.6.174,ucm2db-node1-VIP
172.16.6.175,ucm2db-node2-VIP
172.16.6.176,ucm2db-node3-VIP(Reserve)
172.16.6.177,DCCucm2-SCAN
172.16.6.178,DCCucm2-SCAN
172.16.6.179,DCCucm2-SCAN(Reserve)
172.16.6.180,****************
172.16.6.181,HCoreDB-Node1
172.16.6.182,HCoreDB-Node2
172.16.6.183,HCoreDB-Node3
172.16.6.184,HCoreDB-Node1-VIP
172.16.6.185,HCoreDB-Node2-VIP
172.16.6.186,HCoreDB-Node3-VIP
172.16.6.187,DCCHCore-SCAN
172.16.6.188,DCCHCore-SCAN
172.16.6.189,DCCHCore-SCAN
172.16.6.190,****************
172.16.6.191,Gam-DG-N1(NEW)
172.16.6.192,Gam-DG-N2(NEW)
172.16.6.193,Gam-DG-N3(NEW)
172.16.6.194,Gam-DG-N1-VIP(NEW)
172.16.6.195,Gam-DG-N2-VIP(NEW)
172.16.6.196,Gam-DG-N3-VIP(NEW)
172.16.6.197,DGCluster22-SCAN(NEW)
172.16.6.198,DGCluster22-SCAN(NEW)
172.16.6.199,DGCluster22-SCAN(NEW)
172.16.6.200,****************
172.16.6.210,****************
172.16.6.211,Gam-DB-N1(NEW)
172.16.6.212,Gam-DB-N2(NEW)
172.16.6.213,Gam-DB-N3(NEW)
172.16.6.214,Gam-DB-N1-VIP(NEW)
172.16.6.215,Gam-DB-N2-VIP(NEW)
172.16.6.216,Gam-DB-N3-VIP(NEW)
172.16.6.217,DCCluster22-SCAN(NEW)
172.16.6.218,DCCluster22-SCAN(NEW)
172.16.6.219,DCCluster22-SCAN(NEW)
172.16.6.220,****************
172.16.6.221,Icoredb-N4
172.16.6.222,Icoredb-N5
172.16.6.223,Icoredb-N6
172.16.6.224,Icoredb-N4-VIP
172.16.6.225,Icoredb-N5-VIP
172.16.6.226,Icoredb-N6-VIP
172.16.6.227,DCIcore-SCAN
172.16.6.228,DCIcore-SCAN
172.16.6.229,DCIcore-SCAN
172.16.6.230,****************
172.16.6.231,Icoredb-N1
172.16.6.232,Icoredb-N2
172.16.6.233,Icoredb-N3
172.16.6.234,Icoredb-N1-VIP
172.16.6.235,Icoredb-N2-VIP
172.16.6.236,Icoredb-N3-VIP
172.16.6.237,DCIcore-SCAN
172.16.6.238,DCIcore-SCAN
172.16.6.239,DCIcore-SCAN
172.16.6.240,EDW(WareHouse)
172.16.6.241,ucm1db-node1
172.16.6.242,ucm1db-node2
172.16.6.243,
172.16.6.244,ucm1db-node1-VIP
172.16.6.245,ucm1db-node2-VIP
172.16.6.246,
172.16.6.247,DCCucm1-SCAN
172.16.6.248,DCCucm1-SCAN
172.16.6.249,DCCucm1-SCAN
172.16.6.250,****************
172.16.6.251,ODI
172.16.6.252,OBIEE
172.16.6.253,HLTDoc-DB-N1
172.16.6.254,HLTDoc-DB-N2
172.16.7.1,HltDG-Node1
172.16.7.2,HltDG-Node2
172.16.7.3,HltDG-Node1-VIP
172.16.7.4,HltDG-Node2-VIP
172.16.7.5,DGCluster1-SCAN
172.16.7.6,DGCluster1-SCAN
172.16.7.11,HltDiskDG
172.16.7.21,HltMisDG
172.16.7.177,
172.16.7.180,
172.16.7.181,HCoreDG-Node1
172.16.7.182,HCoreDG-Node2
172.16.7.183,HCoreDG-Node3
172.16.7.184,HCoreDG-Node1-VIP
172.16.7.185,HCoreDG-Node2-VIP
172.16.7.186,HCoreDG-Node3-VIP
172.16.7.187,DGCHCore-SCAN
172.16.7.188,DGCHCore-SCAN
172.16.7.189,DGCHCore-SCAN
172.16.7.191,GamDG
172.16.7.200,PortalDG
172.16.7.201,kk1
172.16.7.202,KK3
172.16.7.203,misinsdb
172.16.7.205,LogSRV-DB
172.16.7.211,IcoreDG-Node1(19C)(Phisical)
172.16.7.212,IcoreDG-Node2(19C)(Phisical)
172.16.7.213,IcoreDG-Node3(19C)(Phisical)(Reserve)
172.16.7.214,IcoreDG-Node1(19C)-VIP(Phisical)
172.16.7.215,IcoreDG-Node2(19C)-VIP(Phisical)
172.16.7.216,IcoreDG-Node3(19C)-VIP(Phisical)(Reserve)
172.16.7.217,IcoreDG-SCAN(19C)(Phisical)
172.16.7.218,IcoreDG-SCAN(19C)(Phisical)
172.16.7.219,IcoreDG-SCAN(19C)(Phisical)(Reserve)
172.16.7.220,**************************************
172.16.7.231,Icoredg-Node1
172.16.7.232,Icoredg-Node2
172.16.7.233,Icoredg-Node3
172.16.7.234,Icoredg-Node1-VIP
172.16.7.235,Icoredg-Node2-VIP
172.16.7.236,Icoredg-Node3-VIP
172.16.7.237,DGCIcore-SCAN
172.16.7.238,DGCIcore-SCAN
172.16.7.239,DGCIcore-SCAN
172.16.7.240,**************
172.16.7.241,UCM1DG-Node1
172.16.7.242,UCM1DG-Node2
172.16.7.243,UCM1DG-Node3
172.16.7.244,UCM1DG-Node1-VIP
172.16.7.245,UCM1DG-Node2-VIP
172.16.7.246,UCM1DG-Node3-VIP
172.16.7.247,UCM1DG-SCAN
172.16.7.248,UCM1DG-SCAN
172.16.7.249,UCM1DG-SCAN
172.16.7.250,DGCTest-Scan
172.16.7.251,DGCTest-Scan
172.16.7.252,hcoredb-node2
172.16.7.253,test-redhat
172.16.7.254,icoredb-node2-test
172.16.8.1,Fortigate
172.16.8.2,TaminAsa-5540-insight
172.16.8.3,TaminAsa-5540-insight
172.16.8.4,Mikrotik-12port
172.16.8.5,Kasper-C1
172.16.8.6,TaminMikrotik
172.16.8.7,Asset-Srv
172.16.8.8,EXCHANGE
172.16.8.9,TaminCA
172.16.8.10,Skype-Srv
172.16.8.11,SVN
172.16.8.12,archiva (maven)
172.16.8.14,Tamin-NT
172.16.8.15, Portals
172.16.8.16,TFS
172.16.8.17,ViewRDS
172.16.8.18,ViewServer 2012r2
172.16.8.19,TaminTFS
172.16.8.20,TaminApp
172.16.8.21,TaminApp1
172.16.8.22,TaminApp2
172.16.8.23,TaminApp3
172.16.8.24,Exchange2019
172.16.8.25,Coffee-DB(موقتبرایدیتابیس)
172.16.8.26,Tamin-Herasat-Visitor
172.16.8.27,Replicafetch
172.16.8.28,TaminERP-APP
172.16.8.29,TaminERP-DB
172.16.8.30,CactiEZ
172.16.8.31,CRMAPP
172.16.8.32,Kaspersky-Tamin
172.16.8.33,REWARD
172.16.8.34,Re-Classify.tamin.org
172.16.8.35,Remote-App1
172.16.8.36,taminepm2010.tamindc.ir
172.16.8.37,WebAPP
172.16.8.38,RemoteApp-WAN
172.16.8.39,ITSM
172.16.8.40,AsnadApp-N1
172.16.8.41,AsnadApp-N2
172.16.8.42,AsnadApp-N3
172.16.8.43,AsnadApp-N4
172.16.8.44,AsnadApp-N5
172.16.8.45,AsnadApp-N6
172.16.8.46,AsnadApp-N7
172.16.8.47,confluence
172.16.8.48,AsnadApp-License
172.16.8.49,AsnadApp-License2
172.16.8.50,AsnadApp-License3
172.16.8.51,MSPAPP-N1
172.16.8.52,MSPAPP-N2
172.16.8.53,MSP-DB
172.16.8.54,DC-01
172.16.8.55,dc3-r2.tamin.org
172.16.8.56,NSX-VPN
172.16.8.57,AsnadAPP-N8
172.16.8.58,VPS-1-Tavahin-Alaei
172.16.8.59,DC-02
172.16.8.60,dc2.tamin.org
172.16.8.61,VZK-PCK-N1
172.16.8.62,VPS1-Tavahin-Alaei
172.16.8.63,DBGroup-VPS
172.16.8.64,cpanel-test
172.16.8.65,Template-Oracle8-Weblogic-Docker
172.16.8.66,Exchange2019
172.16.8.67,cmms-n
172.16.8.68,Tamin-CMS
172.16.8.69,VPS-1-Tavahin-Alaei
172.16.8.70,SupSysApp-N1
172.16.8.71,SupSysApp-N2
172.16.8.72,SupSysApp-N3
172.16.8.73,SupSysApp-N4
172.16.8.74,SupSysApp-N5
172.16.8.75,smart4-sh4
172.16.8.76,TaminCRM-PowerBI
172.16.8.77,Programs-CRM
172.16.8.78,
172.16.8.79,Jira
172.16.8.80,SqlServer-2019
172.16.8.81,TaminCRM
172.16.8.82,TaminCRM-Front
172.16.8.83,OutlookMessenger
172.16.8.84,TaminCRM-OfficeWebAPP
172.16.8.85,TaminCRM-EPM2019
172.16.8.88,Kasper-CM
172.16.8.89,ManageEngineOPManagerWAN
172.16.8.91,Portals-Crm-N
172.16.8.92,Padvish-Root-Tamin
172.16.8.93,Padvish-Macap-Tamin
172.16.8.97,Eve-TaminDc
172.16.8.100,IBSng
172.16.8.101,Jira-Tamin
172.16.8.102,Conflunence-Tamin
172.16.8.103,Jira&Confluence-DB
172.16.8.104,Ksandra-Test-N1
172.16.8.105,Ksandra-Test-N2
172.16.8.106,Ksandra-Test-N3
172.16.8.109,RDS-LicenseServer2022-Tamin
172.16.8.110,ParsPAM-Support-RDS
172.16.8.111,GamAPP-N1
172.16.8.112,GamDB-N1
172.16.8.113,ManageEngine-ADAudit
172.16.8.114,TaminNT
172.16.8.119,tamin-nt
172.16.8.120,ACS-LAN
172.16.8.130,Floor0-1420-5
172.16.8.131,Floor7-NN-2
172.16.8.132,Floor7-NN-3
172.16.8.133,Floor0-1420-1
172.16.8.134,Floor0-1420-6
172.16.9.2,Floor2-NS1
172.16.9.3,Floor2-NS2
172.16.9.4,Floor3-NS
172.16.9.5,Floor3-SN
172.16.9.130,Floor2-S1
172.16.9.131,Floor2-S2
172.16.9.132,Floor2-S3
172.16.10.2,Floor3-Database
172.16.10.3,Support-NN2
172.16.10.4,Support-SN
172.16.10.5,SW-3550-Sso_Bb
172.16.10.7,Printer
172.16.10.8,Printer
172.16.10.9,Printer
172.16.10.10,Printer
172.16.10.12,Sh-Seyrafi
172.16.10.13,V-Abdollahzade
172.16.10.14,MonitoringDB3
172.16.10.15,A-Tavana
172.16.10.16,M-Sardari
172.16.10.17,M-Ilkhani
172.16.10.18,بهارهظفر
172.16.10.19,V-Akbari
172.16.10.20,M-Hosseini
172.16.10.21,A-Fahim
172.16.10.22,M-Bastani
172.16.10.23,Sh-Mesdaghi
172.16.10.24,r-nezhadsoleiman
172.16.10.26,z-sadr
172.16.10.27,h-emami
172.16.10.28,m-zaghziyan
172.16.10.29,m-bakhtiari
172.16.10.30,MonitoringDB1
172.16.10.31,Noc1
172.16.10.32,P-Hajibarat
172.16.10.33,CoffeeDB
172.16.10.34,V-Hemmati
172.16.10.35,Coffee-DB2
172.16.10.36,Sh-Mazloumi
172.16.10.37,M-Shadkam
172.16.10.38,"	Monitoring-Solarwinds"
172.16.10.39,M-Ghaeniyan
172.16.10.40,M-Sabbaghian
172.16.10.41,M-Khodaee
172.16.10.42,a-malekifar
172.16.10.44,احسانمحسنی
172.16.10.45,MonitoringNetwork
172.16.10.46,MonitoringDB2
172.16.10.48,SOC
172.16.10.49,M-Aghighi
172.16.10.50,Monitoring1
172.16.10.51,a-adakhinejad
172.16.10.52,Monitoring2
172.16.10.57,l-mahmoudvand
172.16.10.59,N-Najafi
172.16.10.60,S-Layeghian
172.16.10.61,A_Masoumi
172.16.10.64,ILO-Wan
172.16.10.67,H-Tahmasbi
172.16.10.68,کاویانسعدینام
172.16.10.69,H-Bagherpour
172.16.10.70,e_mohamadtabar
172.16.10.72,
172.16.10.74,M-Alimoradi
172.16.10.75,Monitoring
172.16.10.85,CoffeeDB3
172.16.10.90,LP-DB
172.16.10.100,ALLinOneNOC
172.16.10.111,
172.16.10.130,Floor3-SS-Security
172.16.11.1,Tamin_Lan_Core
172.16.11.2,Tamin-South-DIS
172.16.11.3,Tamin-North-DIS
172.16.11.4,Floor4-N1
172.16.11.5,Floor4-N2
172.16.11.6,PrinterHP
172.16.11.8,printerhp
172.16.11.12,Floor3-SS-2
172.16.11.130,Floor4-S1
172.16.11.131,Floor4-S2
172.16.12.2,Floor1-NN1
172.16.12.4,Floor1-NS
172.16.12.6,KAR-O-TAMIN
172.16.12.7,Floor0-1420-3
172.16.12.9,Floor0-N
172.16.12.130,Floor6-NN1
172.16.12.131,Floor0-1420-2
172.16.12.132,Floor0-1420-4
172.16.12.133,Floor6-NN4
172.16.14.1,FortiGate-GW
172.16.14.2,vcsa-test
172.16.14.3,OPenstack
172.16.14.4,hisdblistener
172.16.14.5,elk-data1
172.16.14.6,elk-data2
172.16.14.7,Router Backup-WAN
172.16.14.8,E1-Router
172.16.14.9,WAN-Router-MGMT
172.16.14.10,WAN-Router-MGMT-2
172.16.14.11,ELK_Data4
172.16.14.12,test-oim
172.16.14.13,SQL-Oracle-Linux8ForBagherPour
172.16.14.14,Reporter-APP
172.16.14.15,Note-4 -Centos
172.16.14.16,wan-monitoring3
172.16.14.17,mongodb-test-n1
172.16.14.18,
172.16.14.19,wanmonitor
172.16.14.20,TMDS
172.16.14.21,testserver-oim
172.16.14.22,
172.16.14.23,win-ci-server
172.16.14.24,
172.16.14.25,Note-5-Centos
172.16.14.26,HIDS-Master-Eservices
172.16.14.27,TM2
172.16.14.28,
172.16.14.29,Test-tibacenter
172.16.14.30,DLL2003(add in vcenter Test)
172.16.14.31,
172.16.14.32,Note-2-Centos
172.16.14.33,مشخصنیست
172.16.14.34,shopapp
172.16.14.35,Node_1_centos
172.16.14.36,hids
172.16.14.37,fani-daramad
172.16.14.38,fani-daramad
172.16.14.39,HLTDoc-DB
172.16.14.40,SQL-Oracle-Linux8ForBagherPour
172.16.14.41,viewserver01
172.16.14.42,mongodb-test-n4
172.16.14.43,Sec-Log-Aggregation
172.16.14.44,shobdb
172.16.14.45,Test-Amniyat
172.16.14.46,ELK-DATA13
172.16.14.47,darmandbtest
172.16.14.48,Kasper(resrved)
172.16.14.49,EP-Test-New
172.16.14.50,tsql1
172.16.14.51,tsql2
172.16.14.52,jumpserver
172.16.14.53,convert
172.16.14.54,MC-Test            
172.16.14.55,AD-test
172.16.14.56,web-panel
172.16.14.57,SDWAN-Vmanage-02
172.16.14.58,win-srv-r
172.16.14.59,ELK_Data3
172.16.14.60,ELK-DATA-W2
172.16.14.61,ima-test
172.16.14.62,
172.16.14.63,wanmonitor
172.16.14.64,WebServer-Test
172.16.14.65,HIDS-N4 
172.16.14.66,TaminServer.test.org(Add in Vcenter 172.16.14.90)
172.16.14.67,HIDS-N5
172.16.14.68,HIDS-N6 
172.16.14.69,Sql-Replication-Test
172.16.14.70,ELK_Data4
172.16.14.71,
172.16.14.72,
172.16.14.73,Mr-Kaviani-Test(SOA-DEVELOP)
172.16.14.74,Test-insApp-2.test.org
172.16.14.75,Mr-Kaviani-Test(IDM-Server)
172.16.14.76,Mr-Kaviani-Test(TEAM)
172.16.14.77,Mr-Kaviani-Test(ORACLE-SERVER)
172.16.14.78,SDWAN-VBound-NEW
172.16.14.79,SRVmon
172.16.14.80,
172.16.14.81,
172.16.14.82,Eservice-Test-Environment
172.16.14.83,iCoreDB-Test-Environment
172.16.14.84,SDWAN-Vsmart-NEW
172.16.14.85,weblogic-app.test.org
172.16.14.86,ELK-DATA9
172.16.14.87,ELK-DATA10
172.16.14.88,ELK-DATA11
172.16.14.89,ELK-DATA12
172.16.14.90,VC TEST (VCENTER)
172.16.14.91,SQL-Oracle8
172.16.14.92,ELK-DATA14
172.16.14.93,Sec-Log-Pivot
172.16.14.95,Nezarat-Test
172.16.14.96,
172.16.14.97,
172.16.14.98,مشخصنیست
172.16.14.99,ELK_SOAR
172.16.14.100,EsxTest14
172.16.14.101,Esxtest1
172.16.14.102,Esxtest2
172.16.14.103,Esxtest3
172.16.14.104,Esxtest4
172.16.14.106,Esxtest6
172.16.14.107,Esxtest7
172.16.14.108,Esxtest8
172.16.14.109,Esxtest9
172.16.14.110,EsxTest01
172.16.14.111,Host61
172.16.14.112,Host61
172.16.14.113,VMKernelHost97-MatterMost-Tamin
172.16.14.115,PortalDarman-Test
172.16.14.116,HLTDB-Test
172.16.14.117,SDWAN-CSR1-DC
172.16.14.118,AVAMon-Sec
172.16.14.119,centralizedservie-Test-ENV
172.16.14.120,
172.16.14.121,
172.16.14.122,ELK-DATA-W1
172.16.14.123,ELK-Data17
172.16.14.124,Account-Service-Test-ENV
172.16.14.125,ESX-Kiarash
172.16.14.126,ESX-Kiarash
172.16.14.129,FortigateTamin
172.16.14.143,InsJobless-Kar > 192.168.132.10
172.16.14.144,InsRelation-Kar > 192.168.132.20
172.16.14.145,VZK-KarAfarinan
172.16.14.152,vzk-IUM1
172.16.14.156,VzkDB
172.16.14.158,VZK-TekApp
172.16.14.159,VZK-TekDB
172.16.14.160,vzk-dashboard
172.16.14.161,vzk-SMP1
172.16.14.162,RavabetKar-DB01
172.16.14.163,RavabetKar-DG
172.16.14.165,PRS-1
172.16.14.167,vzk-FOLLOW
172.16.14.169,vzk-csc-test
172.16.14.170,vzk-ccp-test
172.16.14.172,vzk-smp-test
172.16.14.174,vzk-ium-test
172.16.14.177,VZK-Farabar
172.16.14.178,AV-arms
172.16.14.179,AV-arms2
172.16.14.180,vzk-mashghema
172.16.14.182,AFTAB
172.16.14.184,vzk-csc-n1
172.16.14.185,VZK-enterpreneur-App
172.16.14.186,VZK-enterpreneur-DB
172.16.14.187,vzk-ccp-n1
172.16.14.188,VZK-PAM
172.16.14.189,VZK-VosAPP
172.16.14.190,LastHistory-Kar
172.16.14.191,VZK-IUM
172.16.14.192,VZK-Vos
172.16.14.193,VZK-Woman
172.16.14.195,VZK-HelpLife
172.16.14.197,vzk-publicrelation
172.16.14.198,VZK-Observation
172.16.14.199,VZK-Sanar(NEW)
172.16.14.204,VZK-Omana
172.16.14.205,VZK-Web-Sigma
172.16.14.207,VZK-CoronaKara
172.16.14.208,MCLS-BI
172.16.14.209,MCLS-WH-DB
172.16.14.210,Kardan
172.16.14.211,KKSK
172.16.14.212,RavabetKar-Application1
172.16.14.213,BI-Client
172.16.14.214,Consultant
172.16.14.231,Avi-Board
172.16.15.2,Floor7-SS-1
172.16.15.3,Floor7-SS-2
172.16.15.4,Floor7-SN-3
172.16.15.130,Floor8-NS
172.16.15.194,Floor8-SN
172.16.15.195,Floor8-SN-2
172.17.17.1,
172.17.17.2,host-bl3-16.ssodc.ir
172.17.17.3,host-bl2-8.ssodc.ir
172.17.17.4,host-bl2-16.ssodc.ir
172.17.17.5,host-bl1-16.ssodc.ir
172.17.17.6,host-bl3-13.ssodc.ir
172.17.17.7,host-bl3-14.ssodc.ir
172.17.17.8,host-bl3-7.ssodc.ir
172.17.17.9,host-bl1-13.ssodc.ir
172.17.17.10,host-bl2-13.ssodc.ir
172.17.17.11,host-bl1-14.ssodc.ir
172.17.17.12,host-bl1-15.ssodc.ir
172.17.17.13,host-bl2-14.ssodc.ir
172.17.17.14,host-bl2-15.ssodc.ir
172.17.17.15,host-bl3-15.ssodc.ir
172.17.17.16,host-bl1-7.ssodc.ir
172.17.17.17,host-bl2-7.ssodc.ir
172.17.17.18,host-bl1-8.ssodc.ir
172.17.17.19,host11.ssodc.ir
172.17.17.20,host12.ssodc.ir
172.17.17.21,host4.ssodc.ir
172.17.17.22,host9.ssodc.ir
172.17.17.23,host14.ssodc.ir
172.17.17.24,host15.ssodc.ir
172.17.17.25,host-bl3-1.ssodc.ir
172.17.17.26,host7.ssodc.ir
172.17.17.27,host8.ssodc.ir
172.17.17.28,host-bl2-1.ssodc.ir
172.17.17.29,host-bl3-2.ssodc.ir
172.17.17.30,host-bl1-6.ssodc.ir
172.17.17.31,host-bl2-6.ssodc.ir
172.17.17.32,host-bl1-5.ssodc.ir
172.17.17.33,"host-bl2-5.ssodc.ir	"
172.17.17.34,host-bl3-5.ssodc.ir
172.17.17.35,host-bl3-6.ssodc.ir
172.17.17.36,host-bl3-8.ssodc.ir
172.17.17.37,Host13
172.18.4.1,GatewayVxlan5005
172.18.4.7,EP-NO1
172.18.4.8,EP-NO2
172.18.4.9,EP-NO3
172.18.4.10,EP-NO4
172.18.4.11,Lab-N1
172.18.4.12,Lab-N2
172.18.4.13,Nobat-App
172.18.4.14,Nobat-DB
172.18.4.15,HLTDoc-APP-N1
172.18.4.16,HLTDoc-APP-N2
172.18.4.17,nobat-khorasan-razavi
172.18.4.18,Central-Pacs
172.18.4.20,EzamBimar-N1
172.18.4.21,EzamBimar-N1
172.18.4.22,EzamBimar-N1
172.18.4.23,EzamBimar-N2
172.18.4.24,SSM
172.18.4.25,HLTValidation
172.18.4.26,Bi-Darman
172.18.4.27,Health-WS
172.18.4.28,Darman-Test(Basiri)
172.18.4.29,Process-Disk
172.18.4.32,MC-Node1
172.18.4.33,MC-Node2
172.18.4.34,MC-Node3
172.18.4.35,MC-Node4
172.18.4.36,EP-Node4
172.18.4.37,EP-Node3
172.18.4.38,EP-Node1
172.18.4.39,EP-Node2
172.18.4.40,EPService-N1
172.18.4.41,EPService-N2
172.18.4.42,Darman-N1(New)
172.18.4.43,Darman-N2(New)
172.18.4.44,Darman-N3(New)
172.18.4.45,Darman-N4(New)
172.18.4.46,Darman-N5(New)
172.18.4.47,Darman-N6(New)
172.18.4.48,Darman-N7(New)
172.18.4.49,Darman-N8(New)
172.18.4.51,Darman-StateServer
172.18.4.52,EP-Node5
172.18.4.53,EP-Node6
172.18.4.65,GatewayVxlan5006
172.18.4.129,GatewayVxlan5007
172.18.4.131,registration-dis-ns(موقتبرایباپسکردنTLS)
172.18.4.132,account-dis-ns(موقتبرایباپسکردنTLS)
172.18.4.193,GatewayVxlan5008
172.18.5.1,GateWayVxlan5009
172.18.5.8,M-Elist-N1
172.18.5.9,Commonws-n1
172.18.5.10,commonws-n2
172.18.5.11,WorkshopCalc-N1
172.18.5.12,WorkshopCalc-N2
172.18.5.13,Account-service-N1
172.18.5.14,Account-service-N2
172.18.5.15,Pensioner-N1
172.18.5.16,Pensioner-N2
172.18.5.17,Pensioner-N3
172.18.5.19,Eservice-N1
172.18.5.20,Eservice-N2
172.18.5.21,Eservice-N3
172.18.5.22,Eservice-N4
172.18.5.23,TaminSOA-N1
172.18.5.24,TaminSOA-N2
172.18.5.25,Specialins-N1
172.18.5.26,Specialins-N2
172.18.5.28,Sabeghe-N1
172.18.5.29,Sabeghe-N2
172.18.5.30,Sabeghe-N3
172.18.5.31,Eservice-Sso-N1
172.18.5.32,Eservice-Sso-N2
172.18.5.34,Techins-N1
172.18.5.35,Techins-N2
172.18.5.36,Profile-Service-N1.ssodc.ir
172.18.5.38,Profile-Service-N2.ssodc.ir
172.18.5.39,Baje-Node1
172.18.5.40,Baje-Node2
172.18.5.42,Individual-N1
172.18.5.43,Individual-N2
172.18.5.45,Stp-N1
172.18.5.46,Stp-N2
172.18.5.48,Eblagh-N1
172.18.5.49,Eblagh-N2
172.18.5.50,Eblagh-N3
172.18.5.51,Audit-N1
172.18.5.52,Audit-N2
172.18.5.54,Committee-N1
172.18.5.55,Committee-N2
172.18.5.57,ContractCalc-N1
172.18.5.58,ContractCalc-N2
172.18.5.59,Individual-Node2
172.18.5.60,Execute-N1
172.18.5.61,Execute-N2
172.18.5.62,Individual-Node1
172.18.5.65,GateWayVxlan5010
172.18.5.66,CentralizedReg-N1
172.18.5.67,CentralizedReg-N2
172.18.5.68,CentralizedReg-N3
172.18.5.72,Claim-N1
172.18.5.73,Claim-N2
172.18.5.75,Income-N1
172.18.5.76,Income-N2
172.18.5.78,Medical-Booklet-N1
172.18.5.79,Medical-Booklet-N2
172.18.5.80,Medical-Booklet-N3
172.18.5.81,workshop-node1
172.18.5.82,workshop-node2
172.18.5.83,Workshop-N1
172.18.5.84,Workshop-N2
172.18.5.86,OfficeInspection-N1
172.18.5.87,OfficeInspection-N2
172.18.5.89,Incomebank-N1
172.18.5.90,Incomebank-N2
172.18.5.96,Harmful-N1
172.18.5.97,Harmful-N2
172.18.5.99,STP-Node1
172.18.5.100,STP-Node2
172.18.5.102,EList-N1
172.18.5.103,EList-N2
172.18.5.104,Elist-N3
172.18.5.105,Baje-Web
172.18.5.106,LoanTamin
172.18.5.110,Darman-Service-N1
172.18.5.112,Darman-Service-N2
172.18.5.113,Darman-Service-N3
172.18.5.114,me-service-n1.ssodc.ir
172.18.5.115,me-service-n2.ssodc.ir
172.18.5.116,Celist-N1
172.18.5.117,Celist-N2
172.18.5.122,E-Record-N01(Token)
172.18.5.123,E-Record-N02(Token)
172.18.5.124,E-Record-N03(Token)
172.18.5.125,E-Record-N4
172.18.5.129,GateWayVxlan5011
172.18.5.193,GateWayVxlan5012
172.18.6.1,GateWayVxlan5003
172.18.6.11,PortalKhabar
172.18.6.12,Pkhabar-Admin
172.18.6.14,LogSRV-N1
172.18.6.15,LogSRV-N2
172.18.6.16,GIS-Docker
172.18.6.17,Acrarium-Docker
172.18.6.18,PortalKhabar-API
172.18.6.19,PortalKhabar-MSS
172.18.6.20,PortalKhabar-N2
172.18.6.21,SabtAhval-Batch
172.18.6.23,4Gon-App1
172.18.6.24,4Gon-App2
172.18.6.25,4Gon_App3
172.18.6.26,4Gon-App4
172.18.6.27,4Gon-App5
172.18.6.28,4Gon-App6
172.18.6.31,MailServer-Node1
172.18.6.32,MailServer-Node2
172.18.6.33,MailServer-Proxy
172.18.6.34,ArzeshAsnad_App
172.18.6.35,arzeshAsnad-DB
172.18.6.36,SurplusFinder
172.18.6.37,ComprehensiveSystem-SS
172.18.6.39,4Gon-StatSRV1
172.18.6.40,4Gon-StatSRV2
172.18.6.41,4gon-db-n1
172.18.6.42,4gon-db-n2
172.18.6.43,4gon-Listener-DB
172.18.6.44,4gon-DTC-DB
172.18.6.45,4gon-windows-Cluster-DB
172.18.6.46,Jira-Srv
172.18.6.47,InspectionCrm-App
172.18.6.48,InspectionCrm-DB
172.18.6.49,InspectionCRM-SMS
172.18.6.50,Adobe-Connect-Sazman
172.18.6.51,MailServer-Node2(NEWVersion)
172.18.6.52,MailServer-Node1(NEWVersion)
172.18.6.53,MailServer-Proxy(NEWVersion)
172.18.6.60,Herasat-GW
172.18.6.65,GateWayVxlan5003
172.18.6.70,SQLDataBase
172.18.6.76,CRM_Test2
172.18.6.77,Git
172.18.6.78,Gitlab
172.18.6.79,Mattermost
172.18.6.80,Ansible-DevOPS
172.18.6.82,StandAlone-Container
172.18.6.85,Portainer-DevOPS
172.18.6.129,GateWayVxlan5003
172.18.6.141,webserver1-sata.ssodc.ir
172.18.6.142,webserver2-sata.ssodc.ir
172.18.6.193,GateWayVxlan5003
172.18.100.10,WorkShopCalc-Dis-F5
172.18.100.11,EzamBimar-Dis-F5
172.18.100.12,EPService-Dis-F5
172.18.100.13,Audit-Dis-F5
172.18.100.14,Baje-Dis-F5
172.18.100.15,Eservice-Dis-F5
172.18.100.16,Darman-Dis-F5
172.18.100.17,DarmanWS-DIS-F5
172.18.100.18,MC-Dis-F5
172.18.100.19,MC-CommSaba-Dis-F5
172.18.100.20,Claims-Dis-F5
172.18.100.21,Committee-Dis-F5
172.18.100.22,Pesnsioner-Dis-F5
172.18.100.23,Specialins-Dis-F5
172.18.100.24,Income-Dis-F5
172.18.100.25,Eservices-Sso-Dis-F5
172.18.100.26,Execute-Dis-F5
172.18.100.27,ContractCalc-Dis-F5
172.18.100.28,Centralizedreg-Dis-F5
172.18.100.29,LogSRV-Dis-F5
172.18.100.30,Medical-Booklet-Dis-F5
172.18.100.31,Individual-Dis-F5
172.18.100.32,Individual-Dis-F5-NEW
172.18.100.33,GAM-Dis-F5
172.18.100.34,SSM-Dis-F5
172.18.100.35,Sabeghe-Dis-F5
172.18.100.36,4Gon-App-Dis-F5
172.18.100.37,Techins-Dis-F5
172.18.100.38,Nobat-APP-Dis-F5
172.18.100.39,Amoozesh-Dis-F5
172.18.100.40,Eblagh-Dis-F5
172.18.100.41,4Gon hr5-App-Dis-F5
172.18.100.42,WorkShop-Dis-F5
172.18.100.43,OfficeInspection-Dis-F5
172.18.100.44,Incomebank-Dis-F5
172.18.100.45,PortalKhabar-Dis-F5
172.18.100.46,Pkhabar-Admin-Dis-F5
172.18.100.47,GitLab-Dis-F5
172.18.100.48,Mattermost-Dis-F5
172.18.100.49,PortalKhabar-API-Dis-F5
172.18.100.50,PortalKhabar-MSS-Dis-F5
172.18.100.52,WorkShop-New-Dis-F5
172.18.100.53,Mail-Proxy-Dis-F5
172.18.100.54,E-record-Dis-F5
172.18.100.55,Harmful-Dis-F5
172.18.100.56,Health-WS-Dis-F5
172.18.100.57,HltValidation-Dis-F5
172.18.100.58,STP-DIS-F5
172.18.100.59,Lab-Dis-F5
172.18.100.60,Harmful-Dis-F5
172.18.100.61,ArzeshAsnad-APP-Dis-F5
172.18.100.62,Jira-Srv-Dis-F5
172.18.100.63,Process-Disk-F5(esendprescs.tamin.ir)
172.18.100.64,Elist-Dis-F5
172.18.100.65,Darman-Service-Dis-F5
172.18.100.67,Celist-Dis-F5
172.18.100.69,TaminSOA-Dis-F5
172.18.100.70,EP-Dis-F5
172.18.100.71,EP-Test-Dis-F5
172.18.100.72,BMC-Dis-F5
172.18.100.73,STP-MC-Dis-F5
172.18.100.74,Acrarium-Dis-F5
172.18.100.75,HLTDoc-APP-Dis-F5
172.18.100.76,Sima-Tamin-Dis-F5
172.18.100.77,BI-Tamin-Dis-F5
172.18.100.115,SMS-GW-Dis-F5
172.18.100.116,GIS-Docker-Dis-F5
172.18.100.117,SurplusFinder-Dis-F5
172.18.100.118,Amlak-Dis-F5
172.18.100.119,SMS-Service-Dis-F5
172.18.100.120,Account-Service-Dis-F5
172.18.100.121,Me-Service-Dis-F5
172.18.100.122,Profile-Service-Dis-F5
172.18.100.123,M-Elist-Dis-F5
172.18.100.137,SSODC-FS-Dis-F5
172.18.100.140,WebService-SATA-8081-VS-HTTP-LWI
172.18.100.150,StandAlone-Container-Dis-F5
172.18.100.170,MC2-StateServer-Dis-F5
172.18.100.217,Nobat-KhorasanRazavi-Dis-F5
172.18.200.10,ELK-EUM-Dis-F5
172.18.200.11,SonarQube-Dis-F5
172.18.200.20,Darman-Dis-F5
172.18.200.21,Medical-Support-Dis-F5
172.18.200.22,Samt-Dis-F5
172.18.200.23,Eservice-Dis-F5
172.18.200.24,Account-Service-Test-Dis-F5
172.18.200.25,EP-Dis-F5
172.18.200.26,Me-Service-Dis-F5
172.18.200.28,Profile-Service-Dis-F5
172.18.200.29,Account-Service-Dis-F5
172.18.200.30,Saml-Dis-F5
172.18.200.31,Centralized-Budget-Dis-F5
172.18.200.32,Inspection-Dis-F5
172.18.200.33,Darman-Service-Weblogic-Dis-F5
172.18.200.34,HLT-ErjaMozmen-Dis-F5
172.18.200.35,SOA-and-CommonWS-Dis-F5
172.18.200.36,Piwik-Dis-F5
172.18.200.37,Order-Payment-Dis-F5
172.18.200.38,Me-Report-Dis-F5
172.18.200.39,TFH-Admin-Dis-F5
172.18.200.40,Incoming-Dis-F5
172.18.200.42,GSB-PGSB-Dis-F5
172.18.200.43,NIO-Dis-F5
172.18.200.44,Eservice-Test-Eivazi-Inspection2-Dis-F5
172.18.200.46,Electorder-Dis-F5
172.18.200.47,Jira-Dis-F5
172.18.200.48,TCR-Dis-F5
172.18.200.49,Ins-Relation-Dis-F5
172.18.200.50,CentralPay-Dis-F5
172.18.200.51,Darman-Service-Win-Dis-F5
172.18.200.52,Inspection2-Dis-F5
172.18.200.54,TFH-Dis-F5
172.18.200.55,EPService-Dis-F5
172.18.200.56,HLTDOC-APP&Covid19-Dis-F5
172.18.200.57,HLT-Turn-And-HLT-Drug-Dis-F5
172.18.200.59,CRM-Dis-WAN-F5
172.18.200.60,EP-Test-Dis-F5
172.18.200.62,EX-Eservices-Dis-F5
172.18.200.64,Pensioner-TestPoursafar-VS-dis-F5
172.18.200.65,TCR-Test-Dis-F5
172.18.200.66,CRMDev-Dis-F5
172.18.200.67,Celist-Dis-F5
172.18.200.68,BWS-Dis-F5
172.18.200.69,Portal-Dis-F5
172.18.200.70,Access-Dis-F5
172.18.200.89,Divar-Taminict-Dis-F5
172.18.200.119,SMS-Service-Dis-F5
172.18.200.121,Imasset-Dis-F5
172.18.200.164,"	SOA-Dis-ByPASS-TLS-TCR"
172.18.200.230,VZK-Farabar-Dis-F5
172.18.200.231,VZK-Omana-HTTP-2122-Dis-F5
172.18.200.232,VZK-Omana-HTTP-2121-Dis-F5
172.18.200.233,VZK-Omana-HTTP-Dis-F5
172.18.200.234,VZK-Dashboard-Dis-F5
172.18.200.235,VZK-VOS-Dis-F5
172.18.200.236,VZK-VOSAPP-Dis-F5
172.18.200.237,VZK-PRS1-Dis-F5
172.18.200.238,VZK-Consultant-Dis-F5
172.18.200.239,VZK-IUM1-Dis-F5
172.18.200.240,VZK-CSC-CCP-Dis-F5
172.30.26.1,
172.30.26.2,
172.30.26.10,
172.30.26.11,
182.16.0.1,used
182.16.0.2,used
182.16.0.3,ASA5585-WAN
182.16.0.4,ASA5585-WAN
182.16.0.5,Reserved
182.16.0.6,Reserved
182.16.0.7,Reserved
182.16.0.8,Reserved
182.16.0.9,Reserved
182.16.0.10,Reserved
182.16.0.11,Mail-Node1.tamin.ir
182.16.0.12,Mail-Proxy.tamin.ir
182.16.0.14,Mail-Node2.tamin.ir
182.16.0.15,MC-Node1
182.16.0.16,MC-Node2
182.16.0.17,MC-Node3
182.16.0.18,MC-Node4
182.16.0.20,HltMisDB-Node1-VIP(DCCluster3)
182.16.0.23,HltMisDB-Node2-VIP(DCCluster3)
182.16.0.26,HltMisDB-Node3-VIP(DCCluster3)
182.16.0.30,Tahator-Api
182.16.0.31,StrDB4-Node1-VIP
182.16.0.32,Darman-Dis-F5
182.16.0.33,BMC-Dis-F5
182.16.0.34,StrDB4-Node2-VIP
182.16.0.35,biserver 11
182.16.0.36,biserver-app
182.16.0.37,StrDB4-Node3-VIP
182.16.0.38,MC-Dis-F5
182.16.0.39,Amoozesh-Dis-F5
182.16.0.40,StrDB3-Node1-VIP(DCCluster6)
182.16.0.41,4gon-Dis-F5-8090
182.16.0.42,
182.16.0.43,ssodc-fs
182.16.0.44,LAB-Dis-F5
182.16.0.45,StrDB3-Node2-VIP(DCCluster6)
182.16.0.46,StrDB3-Node3-VIP(DCCluster6)
182.16.0.47,172.18.6.47
182.16.0.48,Process disk
182.16.0.49,WAN-182-StrDB2-Node1-VIP(DCCluster5)
182.16.0.50,darman-refah
182.16.0.52,WAN-182-StrDB2-Node2-VIP(DCCluster5)
182.16.0.55,WAN-182-StrDB2-Node3-VIP(DCCluster5)
182.16.0.58,StrDB1-Node1-VIP(DCCluster4)
182.16.0.61,StrDB1-Node2-VIP(DCCluster4)
182.16.0.63,StrDB1-Node3-VIP(DCCluster4)
182.16.0.64,Booklet Dispatch
182.16.0.65,Darman-Service-Dis-F5
182.16.0.69,4gon-services1
182.16.0.70,GamAPP1-Node1
182.16.0.71,GamAPP1-Node2
182.16.0.73,Gamoa1(Physical)
182.16.0.74,Gamoa2(Physical)
182.16.0.75,GAM-Dis-F5
182.16.0.76,4goon-db1
182.16.0.77,4goon-db2
182.16.0.78,4goon-cluster
182.16.0.79,4goon-cluster
182.16.0.81,MailServer-Log.tamin.ir
182.16.0.83,4GonDB-Node1(Physical)
182.16.0.84,4GonDB-Node2(Virtual)
182.16.0.85,Centralizedreg-Dis(F5)(registration)
182.16.0.90,KSC-2
182.16.0.92,AUTOWS
182.16.0.97,STP-Dis-F5
182.16.0.102,WorkShop-Dis-F5
182.16.0.103,HISRep-Lis3
182.16.0.104,HisRep-Node3
182.16.0.105,HisRep-Node1
182.16.0.106,HisRep-Node2
182.16.0.107,HisRep-cluster
182.16.0.108,HisRep-Lis
182.16.0.109,HISRep-Lis2
182.16.0.110,tclassify
182.16.0.111,Amlak-Dis-F5
182.16.0.117,
182.16.0.118,
182.16.0.119,
182.16.0.120,Account-Service-Dis-F5
182.16.0.121,Me-Service-Dis-F5
182.16.0.122,Pensioner-Dis-F5
182.16.0.123,M-Elist-Dis-F5
182.16.0.124,MC-Dispatch-Commsaba
182.16.0.125,Eservices-Sso-Dis-F5
182.16.0.126,Erecords-Dis-F5
182.16.0.127,SurplusFinder-Dis-F5
182.16.0.130,DARMAN-WS-F5
182.16.0.134,Eservices-Dis-F5
182.16.0.136,4gon-Dis-F5
182.16.0.137,Techins-Dis-F5
182.16.0.138,Nobat-APP-Dis-F5
182.16.0.140,Pkhabar-Admin-Dis-F5(Admin.Tamin.ir)
182.16.0.141,Claim-Dis-F5
182.16.0.142,SATA-Webserver
182.16.0.143,OfficeInspection-Dis-F5
182.16.0.144,Baje-Dis-F5
182.16.0.145,Portalkhabar-Dis-F5
182.16.0.146,Nobat-APP
182.16.0.147,ContractCalc-Dis-F5
182.16.0.148,Nobat-DB
182.16.0.149,Portalkhabar-API-Dis-F5
182.16.0.150,AdobeConnect-Sazman(سازمانآقایرضایی)
182.16.0.151,Amlak-Gis
182.16.0.152,Individual-Dis-F5
182.16.0.153,WorkshopCalc-Dis-F5
182.16.0.157,Committee-Dis-F5
182.16.0.158,AUDIT.TAMIN.IR
182.16.0.160,Harmful.tamin.ir
182.16.0.161,ArzeshAsnad-Dis-F5
182.16.0.162,Income-Dis-F5
182.16.0.163,CElist-Dis-F5
182.16.0.164,Elist-Dis-F5
182.16.0.165,BiDarman
182.16.0.168,webserver1.ssodc.ir
182.16.0.170,MC2-StateServer-Dis-F5
182.16.0.172,EP-Dis-F5(TestManageServer)
182.16.0.173,Execute-Dis-F5
182.16.0.175,Central-Pacs
182.16.0.176,specialins.tamin.ir(specialins-nsx.ssodc.ir)
182.16.0.182,Law-Srv-Dis-NSX
182.16.0.184,HCoreDB-Node1-VIP
182.16.0.185,HCoreDB-Node2-VIP
182.16.0.186,HCoreDB-Node3-VIP
182.16.0.194,Assetmng
182.16.0.198,EP-DIS-F5
182.16.0.199,HLTDoc-APP-Dis-F5
182.16.0.200,Medical-Booklet-Dis-F5
182.16.0.201,
182.16.0.202,
182.16.0.203,
182.16.0.205,His-Rep
182.16.0.208,Medical-Booklet-Dis-F5(SSODC)
182.16.0.217,Nobat-KhorasanRazavi
182.16.0.222,Profile-Service-Dis-F5
182.16.0.225,HLTValidation-Dis-F5(Sama.tamin.ir)
182.16.0.236,icoredb-N3-VIP.sso.ir
182.16.0.240,natpool
182.16.0.241,EDW(WareHouse)
182.16.0.249,ParsPAM-MGMT-RDS
188.214.4.1,FortigateTamin
188.214.4.3,"SSOInternetASA-L-Active(ONLYNAT,192.168.103.3notused)"
188.214.4.4,"SSOInternetASA-R-Passive(ONLYNAT,192.168.103.4notused)"
188.214.4.9,TaminASA-5540-Active
188.214.4.10,TaminASA-5540-Passive
188.214.4.11,RHwebsrv4
188.214.4.13,NSX-LB
188.214.4.15,NSX-SSL-VPN
188.214.4.16,node-1-centos.tamin.org
188.214.4.18,Darman-Service-N1(آیپیهای192.168.103.18و192.168.103.88بررویآیپیولید188.214.4.18بهصورتPATبهاینترنتمتصلشدهاند.)
188.214.4.20,ups-WAN-monitoring
188.214.4.34,WANDNS
188.214.4.35,"porthaye9704,icmpbazandajunip(درتاریخ970906رولفایروالبرداشتهشدو9704پورتمربوطبهBIمیباشد.بیرونوداخل)"
188.214.4.42,smart4-sh2
188.214.4.45,node-5-centos(test)(natb188.214.4.254)
188.214.4.48,Template-Weblogic_6.6
188.214.4.50,f-saadinam
188.214.4.66,taminserver(RDP)
188.214.4.70,Dis-Ssl(imasset.tamin.ir)
188.214.4.71,webserver2
188.214.4.72,Mc-Test
188.214.4.75,Smart4-Sh3
188.214.4.76,Team.Tamin.Org(Test)((ServerForTestinTestZoneForMr.Tayari))
188.214.4.77,Smart4-Sh4
188.214.4.78,Smart4-Sh5
188.214.4.79,CRM-Test-SamaneModiriyat
188.214.4.80,CRM-Mon
188.214.4.81,kasper-root
188.214.4.83,kasper-r2
188.214.4.84,claim-dis(Jboss)
188.214.4.88,Darman-Service-N2(آیپیهای192.168.103.18و192.168.103.88بررویآیپیولید188.214.4.18بهصورتPATبهاینترنتمتصلشدهاند.وآیپیولید188.214.4.88دراینتبدرجاییاستفادهنمیشود.)
188.214.4.91,Freeze
188.214.4.92,SOA-and-CommonWS-Dis-F5
188.214.4.94,"7001,HTTP,HTTPS(درتاریخ970906رولفایروالبرداشتهشد.بهداخل)"
188.214.4.96,Portal-Dispatch
188.214.4.97,insurancejobless(ins-jobless)
188.214.4.99,VZK-Sanar(NEW)
188.214.4.101,IBSng
188.214.4.110,Sata-Setab
188.214.4.111,ELK-Data4
188.214.4.115,در970907ازبیرونبهداخل80و443برداشتهشد
188.214.4.120,Profile-Service-Dis-F5
188.214.4.121,IMA
188.214.4.124,VZK-Enterpreneur-APP
188.214.4.125,(192.168.103.125useonnat)
188.214.4.126,(192.168.103.126useonnat)
188.214.4.127,Fakhari-Linux
188.214.4.133,WANDNS2
188.214.4.140,Monitoring-Synthetic-Server
188.214.4.141,hlt-turn-NSX
188.214.4.142,hlt-turn
188.214.4.143,hlt-turn-Dis-NSX(Hlt-Turn-CoronaMap)
188.214.4.144,Bind-DNS
188.214.4.146,Samt-Dis-F5
188.214.4.149,Darman_servicejboss
188.214.4.152,AFTAB2(Movaghat)
188.214.4.153,AFTAB
188.214.4.154,VZK-IUM1-Dis-F5
188.214.4.155,Electorder-Dis-F5
188.214.4.156,VZK-KarAfarin
188.214.4.157,kasper-server(970827negahkardamdidamservershnistinvar)
188.214.4.160,VZK-CSC-CCP-Dis-F5
188.214.4.161,vzk-smp1
188.214.4.164,vzk-smp1
188.214.4.167,vzk-follow(vipapplication.ir&mashghema1.irDomainsonplesk)
188.214.4.168,SMSService
188.214.4.169,vzk-csc-test
188.214.4.170,vzk-ccp-test
188.214.4.172,vzk-smp-test
188.214.4.174,vzk-ium-test
188.214.4.176,AV-arms2
188.214.4.178,AV-arms
188.214.4.180,vzk-mashghema(mashghema.irDomainonplesk)
188.214.4.191,VZK-IUM
188.214.4.199,Avi-Board
188.214.4.200,KKSK
188.214.4.201,VZK-Consultant-Dis-F5
188.214.4.202,Consultant
188.214.4.203,RavabetKar-Application
188.214.4.207,VZK-PublicRelation
188.214.4.220,رجبیان
188.214.4.221,تست کلاس داکر
188.214.4.231,CentralPay
188.214.4.234,"80-443-9090 from out(در 970907 از بیرون به داخل 80و443 و icmp و 9090
 برداشته شد)"
188.214.4.242,Darman-Service-N1(Weblogic)(آیپیهای192.168.103.242و192.168.103.246بررویآیپیولید188.214.4.18بهصورتPATبهاینترنتمتصلشدهاند.وآیپیولید188.214.4.242دراینتبدرجاییاستفادهنمیشود.)
188.214.4.246,Darman-Service-N2(Weblogic)(آیپیهای192.168.103.242و192.168.103.246بررویآیپیولید188.214.4.18بهصورتPATبهاینترنتمتصلشدهاند.وآیپیولید188.214.4.246دراینتبدرجاییاستفادهنمیشود.)
188.214.4.250,Mikrotik-Interface-InternalUsers
188.214.4.251,SSO-Internet-DG
188.214.4.252,Milad-Hospital
188.214.4.253,Mikrotik-Interface
188.214.4.254,NATPoolforFortigate
188.214.5.35,ProcessDisk-Dis-F5
188.214.5.38,Mail-server1(Reserved)
188.214.5.39,Mail-server2(Reserved)
188.214.5.40,Mail-proxy(Reserved)
188.214.5.45,PortalKhabar-Dis-F5
188.214.5.49,Portalkhabar-API-Dis-F5
188.214.5.70,solarwinds
188.214.5.122,Profile-Service-Dis-F5
188.214.5.192,RenttoSSO
188.214.5.193,RenttoSSO
188.214.5.194,RenttoSSO
188.214.5.195,RenttoSSO
188.214.5.196,RenttoSSO
188.214.5.197,RenttoSSO
188.214.5.198,RenttoSSO
188.214.5.199,RenttoSSO
188.214.5.200,RenttoSSO
188.214.5.201,RenttoSSO
188.214.5.202,RenttoSSO
188.214.5.203,RenttoSSO
188.214.5.204,RenttoSSO
188.214.5.205,RenttoSSO
188.214.5.206,RenttoSSO
188.214.5.207,RenttoSSO
188.214.5.208,RenttoSSO
188.214.5.209,RenttoSSO
188.214.5.210,RenttoSSO
188.214.5.211,RenttoSSO
188.214.5.212,RenttoSSO
188.214.5.213,RenttoSSO
188.214.5.214,RenttoSSO
188.214.5.215,RenttoSSO
188.214.5.216,RenttoSSO
188.214.5.217,RenttoSSO
188.214.5.218,RenttoSSO
188.214.5.219,RenttoSSO
188.214.5.220,RenttoSSO
188.214.5.221,RenttoSSO
188.214.5.222,RenttoSSO
188.214.5.223,RenttoSSO
188.214.5.224,RenttoSSO
188.214.5.225,RenttoSSO
188.214.5.226,RenttoSSO
188.214.5.227,RenttoSSO
188.214.5.228,RenttoSSO
188.214.5.229,RenttoSSO
188.214.5.230,RenttoSSO
188.214.5.231,RenttoSSO
188.214.5.232,RenttoSSO
188.214.5.233,RenttoSSO
188.214.5.234,RenttoSSO
188.214.5.235,RenttoSSO
188.214.5.236,RenttoSSO
188.214.5.237,RenttoSSO
188.214.5.238,RenttoSSO
188.214.5.239,RenttoSSO
188.214.5.240,RenttoSSO
188.214.5.241,RenttoSSO
188.214.5.242,RenttoSSO
188.214.5.243,RenttoSSO
188.214.5.244,RenttoSSO
188.214.5.245,RenttoSSO
188.214.5.246,RenttoSSO
188.214.5.247,RenttoSSO
188.214.5.248,RenttoSSO
188.214.5.249,RenttoSSO
188.214.5.250,RenttoSSO
188.214.5.251,RenttoSSO
188.214.5.252,RenttoSSO
188.214.5.253,RenttoSSO
188.214.5.254,RenttoSSO
192.168.0.1,iLO 1
192.168.0.2,iLO 2
192.168.0.3,iLO 3
192.168.0.4,iLO 4
192.168.0.5,iLO 5
192.168.0.6,iLO 6
192.168.0.7,iLO 7
192.168.0.8,iLO 8
192.168.0.9,iLO 9
192.168.0.10,iLO 10
192.168.0.11,iLO 11
192.168.0.12,iLO 12
192.168.0.13,iLO 13
192.168.0.14,iLO 14
192.168.0.15,iLO 15
192.168.0.16,iLO 16
192.168.0.17,iLO 17
192.168.0.18,iLO 18
192.168.0.19,iLO 19
192.168.0.20,iLO 20
192.168.0.21,iLO 21
192.168.0.22,iLO 22
192.168.0.23,iLO 23
192.168.0.24,iLO 24
192.168.0.25,iLO 25
192.168.0.26,iLO 26
192.168.0.27,iLO 27
192.168.0.28,iLO 28
192.168.0.29,iLO 29
192.168.0.30,iLO 30
192.168.0.31,iLO 31
192.168.0.32,iLO 32
192.168.0.33,iLO 33
192.168.0.34,iLO 34
192.168.0.35,iLO 35
192.168.0.36,iLO36(Gamoa-N3)
192.168.0.37,iLO 37
192.168.0.38,iLO 38
192.168.0.39,iLO 39
192.168.0.40,iLO40(Gamoa-N1)
192.168.0.41,iLO41(Gamoa-N2)
192.168.0.42,iLO 42
192.168.0.43,iLO 43
192.168.0.44,iLO 44
192.168.0.45,iLO 45
192.168.0.46,iLO46(Phisical)
192.168.0.47,iLO 47
192.168.0.48,iLO 48
192.168.0.49,iLO49
192.168.0.50,iLO50
192.168.0.51,iLO 51
192.168.0.52,iLO 52
192.168.0.53,iLO 53
192.168.0.54,iLO 54
192.168.0.55,iLO 55
192.168.0.56,iLO 56
192.168.0.57,iLO 57
192.168.0.58,iLO 58
192.168.0.59,iLO 59
192.168.0.60,iLO 60
192.168.0.61,iLO 61
192.168.0.62,iLO 62
192.168.0.63,iLO 63
192.168.0.64,iLO 64
192.168.0.65,iLO-BL1-1(icoredb-n1)(19C)
192.168.0.66,iLO-BL1-2(Ucm1DB-Node1)
192.168.0.67,iLO-BL1-3(icoredb-n1)
192.168.0.68,iLO-BL1-4(hcoredb-n1)
192.168.0.69,iLO-BL1-5
192.168.0.70,iLO-BL1-6
192.168.0.71,iLO-BL1-7
192.168.0.72,iLO-BL1-8
192.168.0.73,iLO-BL1-9
192.168.0.74,iLO-BL1-10
192.168.0.75,iLO-BL1-11
192.168.0.76,iLO-BL1-12
192.168.0.77,iLO-BL1-13
192.168.0.78,iLO-BL1-14
192.168.0.79,iLO-BL1-15
192.168.0.80,iLO-BL1-16
192.168.0.81,iLO-BL2-1(icoredb-n4)(19C)
192.168.0.82,iLO-BL2-2(Ucm1db-node2)
192.168.0.83,iLO-BL2-3(icoredb-n2)
192.168.0.84,iLO-BL2-4(hcoreDB-n2)
192.168.0.85,iLO-BL2-5
192.168.0.86,iLO-BL2-6
192.168.0.87,iLO-BL2-7
192.168.0.88,iLO-BL2-8
192.168.0.89,iLO-BL2-9
192.168.0.90,iLO-BL2-10
192.168.0.91,iLO-BL2-11
192.168.0.92,iLO-BL2-12
192.168.0.93,iLO-BL2-13
192.168.0.94,iLO-BL2-14
192.168.0.95,iLO-BL2-15(icoreDG-n1)(19C)
192.168.0.96,iLO-BL2-16
192.168.0.97,iLO-BL3-1(icoredb-n2)(19C)
192.168.0.98,iLO-BL3-2(icoredb-n3)(19C)
192.168.0.99,iLO-BL3-3(icoredb-n3)
192.168.0.100,iLO-BL3-4(hcoredb-n3)
192.168.0.101,iLO-BL3-5
192.168.0.102,iLO-BL3-6
192.168.0.103,iLO-BL3-7
192.168.0.104,iLO-BL3-8
192.168.0.105,iLO-BL3-9
192.168.0.106,iLO-BL3-10
192.168.0.107,iLO-BL3-11
192.168.0.108,iLO-BL3-12
192.168.0.109,iLO-BL3-13
192.168.0.110,iLO-BL3-14
192.168.0.111,iLO-BL3-15(icoreDG-n2)(19C)
192.168.0.112,iLO-BL3-16
192.168.0.113,Herasat-CAM
192.168.0.240,iLOSOC1
192.168.0.241,iLOSOC2
192.168.0.242,iLOSOC3
192.168.0.243,iLOSOC4
192.168.0.244,iLOSOC5
192.168.0.253,iLO-SOC2
192.168.0.254,iLO-SOC1
192.168.1.1,Host1
192.168.1.2,Host2
192.168.1.3,Host3
192.168.1.4,Host4
192.168.1.5,Host5
192.168.1.6,Host6
192.168.1.7,Host7
192.168.1.8,Host8
192.168.1.9,Host9
192.168.1.10,Host10
192.168.1.11,Host11
192.168.1.12,Host12
192.168.1.13,Host13
192.168.1.14,Host14
192.168.1.15,Host15
192.168.1.16,Host16
192.168.1.17,Host17
192.168.1.18,Host18
192.168.1.19,Host19
192.168.1.20,Host20
192.168.1.21,Host21
192.168.1.22,Host22
192.168.1.23,Host23
192.168.1.24,Host24
192.168.1.25,Host25
192.168.1.26,Host26
192.168.1.27,Host27
192.168.1.28,Host28
192.168.1.29,Host29
192.168.1.30,Host30
192.168.1.31,Host31
192.168.1.32,Host32
192.168.1.33,Host33
192.168.1.34,Host34
192.168.1.35,Host35
192.168.1.36,Host36(Phisical)
192.168.1.37,Host37
192.168.1.38,Host38
192.168.1.39,Host39
192.168.1.40,Host40(Phisical)
192.168.1.41,Host41(Phisical)
192.168.1.42,Host42
192.168.1.43,Host43
192.168.1.44,Host44
192.168.1.45,Host45
192.168.1.46,Host46(Phisical)
192.168.1.47,Host47
192.168.1.48,Host48
192.168.1.49,Host49
192.168.1.50,Host50
192.168.1.51,Host51
192.168.1.52,Host52
192.168.1.53,Host53
192.168.1.54,Host54
192.168.1.55,Host55
192.168.1.56,Host56
192.168.1.57,Host57
192.168.1.58,Host58
192.168.1.59,Host59
192.168.1.60,Host60
192.168.1.61,Host61
192.168.1.62,Host62
192.168.1.63,Host63
192.168.1.64,Host64
192.168.1.65,Host-BL1-1
192.168.1.66,Host-BL1-2
192.168.1.67,Host-BL1-3
192.168.1.68,Host-BL1-4
192.168.1.69,Host-BL1-5
192.168.1.70,Host-BL1-6
192.168.1.71,Host-BL1-7
192.168.1.72,Host-BL1-8
192.168.1.73,Host-BL1-9
192.168.1.74,Host-BL1-10
192.168.1.75,Host-BL1-11
192.168.1.76,Host-BL1-12
192.168.1.77,Host-BL1-13
192.168.1.78,Host-BL1-14
192.168.1.79,Host-BL1-15
192.168.1.80,Host-BL1-16
192.168.1.81,Host-BL2-1
192.168.1.82,Host-BL2-2
192.168.1.83,Host-BL2-3
192.168.1.84,Host-BL2-4
192.168.1.85,Host-BL2-5
192.168.1.86,Host-BL2-6
192.168.1.87,Host-BL2-7
192.168.1.88,Host-BL2-8
192.168.1.89,Host-BL2-9
192.168.1.90,Host-BL2-10
192.168.1.91,Host-BL2-11
192.168.1.92,Host-BL2-12
192.168.1.93,Host-BL2-13
192.168.1.94,Host-BL2-14
192.168.1.95,Host-BL2-15(icoreDG-n1)(19C)
192.168.1.96,Host-BL2-16
192.168.1.97,Host-BL3-1
192.168.1.98,Host-BL3-2
192.168.1.99,Host-BL3-3
192.168.1.100,Host-BL3-4
192.168.1.101,Host-BL3-5
192.168.1.102,Host-BL3-6
192.168.1.103,Host-BL3-7
192.168.1.104,Host-BL3-8
192.168.1.105,Host-BL3-9
192.168.1.106,Host-BL3-10
192.168.1.107,Host-BL3-11
192.168.1.108,Host-BL3-12
192.168.1.109,Host-BL3-13
192.168.1.110,Host-BL3-14
192.168.1.111,Host-BL3-15(icoreDG-n2)(19C)
192.168.1.112,Host-BL3-16
192.168.1.113,Herasat-CAM
192.168.2.3,Mr.Saadinam
192.168.2.4,Mr.Rabiee
192.168.2.5,Mr.Madihi
192.168.2.6,Mr.Karim 
192.168.2.7,MR.Yusefi
192.168.2.8,Mr.Hosseini
192.168.2.9,Mrs.Zafar
192.168.2.10,Mr.Tahmasebi
192.168.2.11,Mr.Shahanjarini
192.168.2.12,Mr Moheb(old=Mr.Khaleghi-SSO)
192.168.2.13,MR.Mojtabaei
192.168.2.14,MR.Khanbaba
192.168.2.15,Mr.Moheb
192.168.2.16,Coffee-DC
192.168.2.17,Mrs.Rajabian
192.168.2.18,احمدرضاشاملی
192.168.2.19,MGMTSetOnALLinOneinDataCenterTamin
192.168.2.20,Mrs.Fard
192.168.2.21,OpUtils
192.168.2.22,RDG-Noc1
192.168.2.24,Backup Exec
192.168.2.25,???????
192.168.2.26,ESX-Security
192.168.2.27,srm-emc 
192.168.2.28,Nessus-Security
192.168.2.29,ManageEngine-NetFllowAnalyzer
192.168.2.30,Storage-APP
192.168.2.31,IPMonitor
192.168.2.32,TahaCompany
192.168.2.33,Tape-Backup
192.168.2.36,HPOneview
192.168.2.37,sam-server
192.168.2.38,OTP
192.168.2.39,VeeamOne
192.168.2.40,تست یوسفی  لپتاپ برای دیدبان
192.168.2.41,?????????????????
192.168.2.42,EVE-TaminDC
192.168.2.43,SMS-Test(تا روز دوشنبه 1398/02/23 حذف شود)
192.168.2.45,Mikrotik-Backup
192.168.2.46,Splunk
192.168.2.47,Splunk-V8
192.168.2.48,LogFW
192.168.2.51,veeam-backup
192.168.2.55,TaminDc2
192.168.2.60,TaminDc1
192.168.2.65,Rajabian(Test-NIDS)
192.168.2.66,VZK-LoadBalancer
192.168.2.67,VC67
192.168.2.68,NSX-Manager-646
192.168.2.69,NSX-Controller-1(6.7)
192.168.2.70,NSX-Controller-2(6.7)
192.168.2.71,NSX-Controller-3(6.7)
192.168.2.72,Vcenter7
192.168.2.73,VRealize-LogInsight-4.8
192.168.2.74,Tape-Server
192.168.2.75,VrealizeOperationMnager8.3
192.168.2.76,VRealizeNetwork-Insight-Platform
192.168.2.77,VRealizeNetwork-Insight-Collector
192.168.2.80,XoruX-7-Monitoring(San&SW Monitoring)
192.168.2.81,Cisco-Prime
192.168.2.82,ACS-DataCenter
192.168.2.83,ISE-Mgmt
192.168.2.85,IPAM-IP Management
192.168.2.86,Distribute switch for Netflow(Tamindc)
192.168.2.88,Exchange
192.168.2.89,ManageEngine-NetFllowDataCenter
192.168.2.90,Centos-Emc (class)
192.168.2.92,ossim-Test
192.168.2.93,Sec-Log-Pivot(واحد امنیت)
192.168.2.99,Thin-Client-in-Datacenter
192.168.2.100,IPMon
192.168.2.101,veeamone
192.168.2.110,TaminDC1
192.168.2.114,TaminDC-FS -- Reserved
192.168.2.119,ManageEngeen-OpManager
192.168.2.120,HPEOneViwe
192.168.2.121,iLOAmpPack
192.168.2.122,Winxp-DCGroup
192.168.2.123,VrOP
192.168.2.124,Thin client
192.168.2.125,Network-NPM
192.168.2.126,Monitoring-PRTG
192.168.2.130,Tape-Backup
192.168.2.133,Tape_BackUp
192.168.2.149,ParsPAM-MGMT-RDS
192.168.2.152,Sec-Log-Pivot
192.168.2.155,ParsPAM-Beh
192.168.2.164,NSX-VC65-SSODC
192.168.2.166,Vrealize-VC65
192.168.2.167,VC67.ssodc.ir
192.168.2.168,NSX-Manager-646
192.168.2.169,nsx-controller-1
192.168.2.170,nsx-controller-2
192.168.2.171,nsx-controller-3
192.168.2.172,DLR-Management(IP)
192.168.2.173,vRealize-Log-Insight-4.8
192.168.2.188,vRealize-Log-Insight
192.168.2.218,VeeamBackup
192.168.2.219,Veam-Backup(NEW)
192.168.2.224,BackupExec
192.168.2.228,Win-XP(Java-8)
192.168.2.229,Win-XP(Java-7)
192.168.2.230,Win-XP(Java-6)
192.168.2.231,WindowsForFlash
192.168.2.237,DistributeswitchforNetflow(SSODC)
192.168.2.238,SRM
192.168.2.240,SRM
192.168.2.241,DC1
192.168.2.242,DC2
192.168.2.245,OpUtils
192.168.2.247,syslog-NTP
192.168.2.249,Netflow-Monitoring
192.168.3.1,iLO1
192.168.3.2,iLO2
192.168.3.3,iLO3
192.168.3.4,iLO4
192.168.3.5,iLO5
192.168.3.6,iLO6
192.168.3.7,iLO7
192.168.3.8,iLO8
192.168.3.9,iLO9
192.168.3.10,iLO10
192.168.3.11,iLO11
192.168.3.12,iLO12
192.168.3.13,iLO13
192.168.3.14,iLO14
192.168.3.15,iLO15
192.168.3.16,iLO16
192.168.3.17,iLO17
192.168.3.18,iLO18
192.168.3.19,iLO19
192.168.3.20,iLO20
192.168.3.21,iLO21
192.168.3.22,iLO22
192.168.3.23,iLO23
192.168.3.24,iLO24
192.168.3.25,iLO25
192.168.3.26,iLO26
192.168.3.27,iLO27
192.168.3.28,iLO28
192.168.3.29,iLO29
192.168.3.30,iLO30
192.168.3.31,iLO31
192.168.3.32,iLO32
192.168.3.33,iLO33
192.168.3.34,iLO34
192.168.3.35,iLO35
192.168.3.36,iLO36
192.168.3.37,iLO37
192.168.3.38,iLO38
192.168.3.39,iLO39
192.168.3.40,iLO40
192.168.3.41,iLO41
192.168.3.42,iLO42
192.168.3.43,iLO43
192.168.3.44,iLO44
192.168.3.45,iLO45
192.168.3.46,iLO46
192.168.3.47,iLO47
192.168.3.48,iLO48
192.168.3.49,iLO49
192.168.3.50,iLO50
192.168.3.51,iLO51
192.168.3.52,iLO52
192.168.3.53,iLO53
192.168.3.54,iLO54
192.168.3.55,iLO55
192.168.3.56,iLO56
192.168.3.57,iLO57
192.168.3.58,iLO58
192.168.3.59,iLO59
192.168.3.60,iLO60
192.168.3.61,iLO61
192.168.3.62,iLO62
192.168.3.63,iLO63
192.168.3.64,iLO64
192.168.3.65,iLO65
192.168.3.66,iLO66
192.168.3.67,iLO67
192.168.3.68,iLO68
192.168.3.69,iLO69
192.168.3.70,iLO70
192.168.3.71,iLO71
192.168.3.72,iLO72
192.168.3.73,iLO73
192.168.3.74,iLO74
192.168.3.75,iLO75
192.168.3.76,iLO76
192.168.3.77,iLO77
192.168.3.78,iLO78
192.168.3.79,iLO79
192.168.3.80,iLO80
192.168.3.81,iLO81
192.168.3.82,iLO82
192.168.3.83,iLO83
192.168.3.84,iLO84
192.168.3.85,iLO85
192.168.3.86,iLO86
192.168.3.87,iLO87
192.168.3.88,iLO88
192.168.3.89,iLO89
192.168.3.90,iLO90
192.168.3.91,iLO91
192.168.3.92,iLO92
192.168.3.93,iLO93
192.168.3.94,iLO94
192.168.3.95,iLO95
192.168.3.96,iLO96
192.168.3.97,iLO97-Mattermost-Tamin(G5)
192.168.3.98,iLO98
192.168.3.99,iLO99
192.168.3.100,iLO100
192.168.3.101,iLO101
192.168.3.102,iLO102
192.168.3.103,iLO103
192.168.3.104,iLO104
192.168.3.105,iLO105
192.168.3.106,iLO106
192.168.3.107,iLO107
192.168.3.108,iLO108
192.168.3.109,iLO109
192.168.3.110,iLO110
192.168.3.111,iLO111
192.168.3.112,iLO112
192.168.3.113,iLO113
192.168.3.114,iLO114
192.168.3.115,iLO115
192.168.3.116,iLO116
192.168.3.117,iLO117
192.168.3.118,iLO118
192.168.3.119,iLO119
192.168.3.120,iLO120
192.168.3.121,iLO-BL1-1
192.168.3.122,iLO-BL1-2
192.168.3.123,iLO-BL1-3
192.168.3.124,iLO-BL1-4
192.168.3.125,iLO-BL1-5
192.168.3.126,iLO-BL1-6
192.168.3.127,iLO-BL2-1
192.168.3.128,iLO-BL1-8
192.168.3.129,iLO-BL1-9
192.168.3.130,iLO-BL1-10
192.168.3.131,iLO-BL1-11
192.168.3.132,iLO-BL1-12
192.168.3.133,iLO-BL1-13
192.168.3.134,iLO-BL1-14
192.168.3.135,iLO-BL1-15
192.168.3.136,iLO-BL1-16
192.168.3.137,iLO-BL1-7
192.168.3.138,iLO-BL2-2
192.168.3.139,iLO-BL2-3
192.168.3.140,iLO-BL2-4
192.168.3.141,iLO-BL2-5
192.168.3.142,iLO-BL2-6
192.168.3.143,iLO-BL2-7
192.168.3.144,iLO-BL2-8
192.168.3.145,iLO-BL2-9
192.168.3.146,iLO-BL2-10
192.168.3.147,iLO-BL2-11
192.168.3.148,iLO-BL2-12
192.168.3.149,iLO-BL2-13
192.168.3.150,iLO-BL2-14
192.168.3.151,iLO-BL2-15
192.168.3.152,iLO-BL2-16
192.168.3.155,Consol Management BL2
192.168.3.156,Consol Management BL2
192.168.3.184,iLoTest10
192.168.3.208,G7 Parvande Electronik
192.168.3.209,IloDMZ9
192.168.3.230,iLoTest01
192.168.3.241,iLoSec 01
192.168.3.242,iLoSec 02
192.168.3.243,iLoSec 03
192.168.4.1,esx01.tamin.org
192.168.4.2,esx02.tamin.org
192.168.4.3,esx03.tamin.org
192.168.4.4,esx04.tamin.org
192.168.4.5,esx05.tamin.org
192.168.4.6,esx06.tamin.org
192.168.4.7,esx07.tamin.org
192.168.4.8,Esx8(ODWDB.Tamin.Org)
192.168.4.9,Esx9
192.168.4.10,Esx10
192.168.4.11,Esx11
192.168.4.12,Esx12
192.168.4.13,Esx13
192.168.4.14,Esx14
192.168.4.15,Esx15
192.168.4.16,Esx16
192.168.4.17,Esx17
192.168.4.18,Esx18
192.168.4.19,Esx19
192.168.4.20,esx20.tamin.org
192.168.4.21,esx21.tamin.org
192.168.4.22,esx22.tamin.org
192.168.4.23,Esx23
192.168.4.24,Esx24
192.168.4.25,Esx25
192.168.4.26,Esx26
192.168.4.27,Esx27
192.168.4.28,Esx28
192.168.4.29,Esx29
192.168.4.30,Esx30
192.168.4.31,Esx31
192.168.4.32,Esx32
192.168.4.33,Esx33
192.168.4.34,Esx34
192.168.4.35,Esx35
192.168.4.36,Esx36
192.168.4.37,Esx37
192.168.4.38,Esx38
192.168.4.39,Esx39
192.168.4.40,Esx40
192.168.4.41,Esx41
192.168.4.42,Esx42
192.168.4.43,Esx43
192.168.4.44,Esx44
192.168.4.45,Esx45
192.168.4.46,Esx46
192.168.4.47,Esx47
192.168.4.48,Esx48
192.168.4.49,Esx49(Tamin-nt)
192.168.4.50,Esx50
192.168.4.51,Esx51
192.168.4.52,Esx52
192.168.4.53,Esx53
192.168.4.54,Esx54
192.168.4.55,Esx55
192.168.4.56,Esx56
192.168.4.57,Esx57
192.168.4.58,Esx58
192.168.4.59,Esx59
192.168.4.60,Esx60
192.168.4.61,Esx61
192.168.4.62,Esx62
192.168.4.63,Esx63
192.168.4.64,Esx64
192.168.4.65,Esx65
192.168.4.66,Esx66
192.168.4.67,Esx67
192.168.4.68,Esx68
192.168.4.69,Esx69
192.168.4.70,Esx70
192.168.4.71,Esx71
192.168.4.72,Esx72
192.168.4.73,Esx73
192.168.4.75,Esx75
192.168.4.76,Esx76
192.168.4.77,Esx77
192.168.4.79,Esx79
192.168.4.80,Esx80
192.168.4.81,Esx81
192.168.4.82,Esx82
192.168.4.83,Esx83
192.168.4.84,Esx84
192.168.4.85,Esx85
192.168.4.87,Esx87
192.168.4.88,Esx88
192.168.4.89,Esx89
192.168.4.90,Esx90
192.168.4.91,Esx91
192.168.4.92,Esx92
192.168.4.93,Esx93
192.168.4.94,Esx94
192.168.4.95,Esx95
192.168.4.96,Esx96
192.168.4.97,Esx97-MatterMost-Tamin
192.168.4.98,Esx98
192.168.4.99,Esx99
192.168.4.100,Esx100
192.168.4.101,Esx101
192.168.4.102,Esx102
192.168.4.103,Esx103
192.168.4.104,Esx104
192.168.4.105,Esx105
192.168.4.106,Esx106
192.168.4.107,Esx107
192.168.4.108,Esx108
192.168.4.109,Esx109
192.168.4.110,Esx110
192.168.4.111,Esx111
192.168.4.112,Esx112
192.168.4.113,Esx113
192.168.4.114,Esx114
192.168.4.115,Esx115
192.168.4.116,Esx116
192.168.4.117,Esx117
192.168.4.118,Esx118
192.168.4.119,Esx119
192.168.4.120,Esx120
192.168.4.121,Esx-BL1-1
192.168.4.122,Esx-BL1-2
192.168.4.123,Esx-BL1-3
192.168.4.124,Esx-BL1-4
192.168.4.125,Esx-BL1-5
192.168.4.126,Esx-BL1-6
192.168.4.129,Esx-BL1-9
192.168.4.131,Esx-BL1-11
192.168.4.132,Esx-BL1-12
192.168.4.134,Esx-BL1-14
192.168.4.135,Esx-BL1-15
192.168.4.136,Esx-BL1-16
192.168.4.137,Esx-BL1-7
192.168.4.138,Esx-BL2-2
192.168.4.139,Esx-BL2-3
192.168.4.140,Esx-BL2-4
192.168.4.141,Esx-BL2-5
192.168.4.142,Esx-BL2-6
192.168.4.144,Esx-BL2-7
192.168.4.145,Esx-BL2-8
192.168.4.146,Esx-BL2-9
192.168.4.151,Esx-BL2-14
192.168.4.152,Esx-BL2-15
192.168.4.201,Esxdmz1
192.168.4.202,Esxdmz2
192.168.4.203,Esxdmz3
192.168.4.204,Esxdmz4
192.168.4.205,Esxdmz5
192.168.4.206,Esxdmz6
192.168.4.207,Esxdmz7
192.168.4.209,Esxdmz9
192.168.4.230,EsxTest01
192.168.4.241,(EsxSec01)
192.168.4.242,EsxSec03
192.168.4.243,EsxSec03
192.168.5.1,Goroohban1
192.168.5.3,Goroohban3
192.168.5.6,Goroohban5
192.168.5.7,Goroohban7
192.168.5.8,3850-2(InterConnect)
192.168.5.9,Goroohban9
192.168.5.11,Goroohban11
192.168.5.13,Goroohban13
192.168.5.15,Goroohban15
192.168.5.17,Goroohban17
192.168.5.19,SW-Mgmt-19
192.168.5.30,test-sw for ise
192.168.5.31,SOTVAAN1
192.168.5.32,Didban2-3850
192.168.5.33,Sotvaan2
192.168.5.35,Timsaar1
192.168.5.37,Didbaan1
192.168.5.38,Sotvan1(3850)
192.168.5.39,Sotvan2(3850)
192.168.5.40,FortiGate-VZKZone
192.168.5.41,F5-1-Tamin
192.168.5.42,F5-2-Tamin
192.168.5.43,ManagementIP-Fortigate-Vdom
192.168.5.44,Management-tr
192.168.5.45,Mikrotik-NTP
192.168.5.46,FortiGate 1
192.168.5.47,FortiGate 2
192.168.5.48,FortiGate 3
192.168.5.49,??????????????
192.168.5.50,Paadegan
192.168.5.51,SW-Mgmt-1
192.168.5.52,SW-Mgmt-3
192.168.5.53,SW-Mgmt-11
192.168.5.54,SW-Mgmt-4
192.168.5.55,2960-x-Converter10g-TaminCO
192.168.5.59,Tamin-3850-Layer2
192.168.5.60,Azmayeshi1
192.168.5.61,Azmayeshi2
192.168.5.62,Edge-Router
192.168.5.64,MGMT-Test-DMZ
192.168.5.65,Limited-DMZ1
192.168.5.66,Test&DMZ-Core_New
192.168.5.67,Timsar-New-3850
192.168.5.70,FiberSW1
192.168.5.71,FiberSW2
192.168.5.72,FiberSW3
192.168.5.76,EMC VNX-A-5300
192.168.5.77,EMC VNX-B-5300
192.168.5.78,EMC VNX-A-5800
192.168.5.79,EMC VNX-B-5800
192.168.5.81,dbrac-sw(internal)
192.168.5.82,dbrac-sw2(internal)
192.168.5.83,ACS-Applince
192.168.5.84,ACS-Applince
192.168.5.86,Graylog
192.168.5.88,Apc
192.168.5.89,Cooling-BMS
192.168.5.90,BL2-SW1-3120
192.168.5.91,BL2-SW2-3120
192.168.5.92,Asa-5540 up
192.168.5.93,Asa-5540 down 
192.168.5.94,FiberSW4
192.168.5.95,FiberSW5
192.168.5.97,Arena - Storage
192.168.5.98,MSA-mgmt1
192.168.5.99,MSA-mgmt2
192.168.5.100,TapeOutoLoader
192.168.5.101,SW-ILO-1
192.168.5.102,SW-ILO-2
192.168.5.103,BL1-OA1
192.168.5.104,BL1-OA2
192.168.5.105,BL1-Int-Bay1
192.168.5.106,BL1-Int-Bay2
192.168.5.107,BL1-Int-Bay3
192.168.5.108,BL1-Int-Bay4
192.168.5.109,BL1-Int-Bay5
192.168.5.110,BL1-Int-Bay6
192.168.5.111,SW-ILO-11
192.168.5.113,SW-ILO-13
192.168.5.121,UPS1
192.168.5.122,UPS2
192.168.5.130,SAN Switch 1
192.168.5.131,SAN Switch 2
192.168.5.132,SAN Switch 3
192.168.5.133,?????
192.168.5.134,F5-1-SSODC
192.168.5.135,PR1-N5K-Down
192.168.5.136,PR1-N5K-UP
192.168.5.137,PR1-N5K3-FCOE-Down-Right
192.168.5.138,PR1-N5K4-FCOE-Top-Left
192.168.5.139,Core-N7K-ServerFarm-L
192.168.5.140,Core-N7K-ServerFarm-R
192.168.5.141,Core-N7K-Edge-L
192.168.5.142,Core-N7K-Edge-R
192.168.5.143,N7K-Admin-L
192.168.5.144,N7K-Admin-R
192.168.5.145,FW-5585-LAN-L
192.168.5.146,FW-5585-LAN-R
192.168.5.147,IPS-5585-L
192.168.5.148,IPS-5585-R
192.168.5.149,FW-5585-Internet-L
192.168.5.150,FW-5585-Internet-R
192.168.5.151,IPS-5585-Internet-L
192.168.5.152,IPS-5585-Internet-R
192.168.5.153,FW-5585-WAN-L
192.168.5.154,FW-5585-WAN-R
192.168.5.155,MGMT-2960-TDR
192.168.5.156,Mikrotik-NTP
192.168.5.157,SW2960-for-layer2- 5k-to-Timsaar1
192.168.5.158,SW2960-for-layer2- 5k-to-Timsaar2
192.168.5.159,2960-edge
192.168.5.160,Layer2-managment-2960-x
192.168.5.161,Mgmt1-4948-PR
192.168.5.162,Mgmt2-4948-PR
192.168.5.163,Mgmt-4948-ER
192.168.5.164,Mgmt-4948-CORE
192.168.5.165,Mgmt-4948-SR2
192.168.5.166,Interconnect- Blade-4900
192.168.5.167,MGMT- Blade-4900
192.168.5.168,Mgmt-4948-PR2
192.168.5.169,Mgmt-4948(Reserved)
192.168.5.170,Core-N7K-Storage-L
192.168.5.171,Core-N7K-Storage-R
192.168.5.172,Nexus-9300-Down
192.168.5.173,Nexus-9300-Up
192.168.5.174,N7000-Reserved
192.168.5.175,N7000-Reserved
192.168.5.176,N7000-Reserved
192.168.5.177,N7000-Reserved
192.168.5.178,PR1-N5K-Interconnect-Top-Left
192.168.5.179,PR1-N5K-Interconnect-Down-Left
192.168.5.180,Fortigate-1-SSO
192.168.5.181,Fortigate-2-SSO
192.168.5.182,FortiAnalyzer-1
192.168.5.183,FortiAnalyzer-2
192.168.5.184,FortiDDOS-1
192.168.5.185,FortiDDOS-2
192.168.5.186,Edge-3850
192.168.5.187,3850-Edge-2-Stack
192.168.5.188,Switch-Reserved
192.168.5.189,Switch-Reserved
192.168.5.190,KVM1 - 5K 
192.168.5.191,KVM2 - 7K
192.168.5.192,HP-MSA-2060(SPA)
192.168.5.193,HP-MSA-2060(SPB)
192.168.5.194,EVA1-mgmt1
192.168.5.195,EVA1-mgmt2(Reserved)
192.168.5.196,EVA2-mgmt1
192.168.5.197,EVA2-mgmt2(Reserved)
192.168.5.198,EVA3-mgmt1
192.168.5.199,EVA3-mgmt2(Reserved)
192.168.5.200,Fortigate-Active-Update-Port-SSODC
192.168.5.201,VNX1-mgmt1
192.168.5.202,VNX2-mgmt2
192.168.5.203,VNX2-mgmt1
192.168.5.204,VNX2-mgmt2
192.168.5.205,Unity-SOC-mgmt
192.168.5.206,VNX-Reserved
192.168.5.207,VNX-Reserved
192.168.5.208,VNX-Reserved
192.168.5.209,VNX-Reserved
192.168.5.210,APC-Temp-Monitoring-1
192.168.5.211,APC-Temp-Monitoring-2
192.168.5.212,APC-Temp-Monitoring-3
192.168.5.213,APC-Temp-Monitoring-4-Reserved
192.168.5.214,APC-Temp-Monitoring-5-Reserved
192.168.5.215,APC-Temp-Monitoring-6-Reserved
192.168.5.216,APC-Temp-Monitoring-7-Reserved
192.168.5.217,APC-Temp-Monitoring-8-Reserved
192.168.5.218,APC-Temp-Monitoring-9-Reserved
192.168.5.219,APC-Temp-Monitoring-10-Reserved
192.168.5.220,APC-Temp-Monitoring-11-Reserved
192.168.5.221,HP Blade01-OA-1
192.168.5.222,HP Blade01-OA-2
192.168.5.223,HP Blade02-OA-1
192.168.5.224,HP Blade02-OA-2
192.168.5.225,HP Blade03-OA-1
192.168.5.226,HP Blade03-OA-2
192.168.5.227,HP Blade Reserved
192.168.5.228,Mgmt-SR1
192.168.5.229,HP Blade Reserved
192.168.5.230,Blade01-InterconnectBay1
192.168.5.231,Blade01-InterconnectBay2
192.168.5.232,Blade01-InterconnectBay3
192.168.5.233,Blade01-InterconnectBay4
192.168.5.234,F5-2-SSODC
192.168.5.235,Blade01-Bay - Reserved
192.168.5.236,Blade02-InterconnectBay1
192.168.5.237,Blade02-InterconnectBay2
192.168.5.238,Blade02-InterconnectBay3
192.168.5.239,Blade02-InterconnectBay4
192.168.5.240,Blade02-Bay - Reserved
192.168.5.241,Blade02-Bay - Reserved
192.168.5.242,Blade03-InterconnectBay1
192.168.5.243,Blade03-InterconnectBay2
192.168.5.244,Blade03-InterconnectBay3
192.168.5.245,Blade03-InterconnectBay4
192.168.5.246,Blade03-Bay - Reserved
192.168.5.247,Blade03-Bay - Reserved
192.168.5.249,TapeHP6480(SsoDC)
192.168.5.250,Reserved For Mr khademi TEAM
192.168.5.251,Reserved For Mr khademi TEAM
192.168.5.252,Reserved For Mr khademi TEAM
192.168.5.253,SANSwitch4
192.168.50.1,SSO Router For Bahrak
192.168.50.2,ASA WAN SSO
192.168.50.3,FortigateTamin
192.168.50.4,رزرو
192.168.50.5,رزرو
192.168.50.6,رزرو
192.168.50.7,رزرو
192.168.50.8,رزرو
192.168.50.9,رزرو
192.168.50.10,رزرو
192.168.50.11,رزرو
192.168.50.12,رزرو
192.168.50.13,رزرو
192.168.50.14,رزرو
192.168.50.15,رزرو
192.168.50.16,رزرو
192.168.50.17,رزرو
192.168.50.18,رزرو
192.168.50.19,رزرو
192.168.50.20,SOA-and-CommonWS-Dis-F5
192.168.50.21,PATinFortigate
192.168.50.22,
192.168.50.23,PAT-ASA-WAN
192.168.50.24,Darman-Refah
192.168.50.25,
192.168.50.26,
192.168.50.27,
192.168.50.28,
192.168.50.29,
192.168.50.30,
192.168.50.31,172.16.1.110(SATA-Setup)
192.168.50.32,PATinFortigateVZBehdasht
192.168.50.33,EP-Test-Dis-F5
192.168.50.34,Static-NAT-ASA-VZB
192.168.55.1,Router-Ipsec-Bahrak
192.168.55.2,Fortigate-Tamin
192.168.55.3,Fortigate-SSO
192.168.55.11,PAT-Tamin
192.168.55.12,PAT-SSO
192.168.132.1,RouterGWGhamgosar
192.168.132.9,SOA-and-CommonWS-Dis-F5
192.168.132.10,InsJobless-Kar
192.168.132.11,Use For nat
192.168.132.20,Ins-Relation-Kar
192.168.132.40,LastHistory-Kar
192.168.132.53,Darman-Refah
192.168.132.147,VZK-DB-NODE 1-vip
192.168.132.150,VZK-DB-NODE 2-vip
192.168.132.160,CSC1.VZK.Local
192.168.132.163,RavabetKar-DG
192.168.132.165,vzk-PRS1
192.168.132.169,VZK-CSC-Test.VZK.Local
192.168.132.180,VZK-CCP-Test.VZK.Local
192.168.132.184,VZK-CSC-N1.VZK.Local
192.168.132.187,VZK-CCP-N1.VZK.Local
192.168.132.198,VZK-Observatin
192.168.132.208,MCLS-BI
